source_index,bout_key,fly_id,split,frames,seconds,path_mm,net_displacement_mm,mean_path_speed_mm_s,cycles_T1L,cycles_T1R,cycles_T2L,cycles_T2R,cycles_T3L,cycles_T3R
0,bout_0000,session1/2025_10_07_17_15_30,train,685,0.855,17.756847381591797,15.768345832824707,20.768242551569355,10,9,10,10,10,10
1,bout_0001,session1/2025_10_07_17_15_30,train,274,0.34125,4.709029674530029,4.412074565887451,13.799354357597155,3,3,2,3,2,4
2,bout_0002,session1/2025_10_07_17_15_30,train,282,0.35125,10.9386568069458,10.42910099029541,31.142083436144627,6,5,5,6,6,5
3,bout_0003,session1/2025_10_07_17_15_30,train,64,0.07875,3.3878142833709717,3.284522533416748,43.019863915821865,2,1,1,2,2,1
4,bout_0004,session1/2025_10_07_17_15_30,train,331,0.4125,7.023527145385742,6.556961536407471,17.026732473662406,4,4,4,4,4,5
5,bout_0005,session5/2025_10_11_10_29_50,validation,148,0.18375,6.260054588317871,6.122725486755371,34.068324290165286,2,2,2,2,2,2
6,bout_0006,session5/2025_10_11_10_29_50,validation,179,0.2225,4.32706356048584,4.212151527404785,19.44747667634085,2,2,2,2,2,2
7,bout_0007,session5/2025_10_11_10_29_50,validation,400,0.49875,15.541183471679688,15.252435684204102,31.16026761239035,6,6,6,6,6,6
8,bout_0008,session5/2025_10_11_10_29_50,validation,471,0.5875,15.948992729187012,15.150134086608887,27.147221666701295,7,6,6,7,7,6
9,bout_0009,session5/2025_10_11_10_29_50,validation,445,0.555,13.735719680786133,12.849708557128906,24.74904446988492,6,6,6,6,6,5
10,bout_0010,session5/2025_10_11_10_29_50,validation,261,0.325,9.16808032989502,8.958256721496582,28.20947793813852,4,3,3,4,4,4
11,bout_0011,session5/2025_10_11_10_29_50,validation,241,0.3,7.410205841064453,7.052135944366455,24.70068613688151,3,4,4,3,3,5
12,bout_0012,session5/2025_10_11_10_29_50,validation,253,0.315,6.991919994354248,6.771007061004639,22.196571410648406,3,3,3,3,3,3
13,bout_0013,session5/2025_10_11_10_29_50,validation,212,0.26375,5.187668323516846,4.764824390411377,19.668884638926432,3,2,2,3,3,2
14,bout_0014,session5/2025_10_11_10_29_50,validation,407,0.5075,13.564611434936523,13.071199417114258,26.728298393963595,6,6,6,5,5,6
15,bout_0015,session5/2025_10_11_10_29_50,validation,305,0.38,6.366893768310547,6.202298641204834,16.75498360081723,3,3,3,3,3,3
16,bout_0016,session5/2025_10_11_10_29_50,validation,182,0.22625,4.68629789352417,4.460057735443115,20.71291886640517,2,2,2,2,2,2
17,bout_0017,session5/2025_10_11_10_29_50,validation,142,0.17625,5.155956268310547,5.074147701263428,29.253652586159134,2,2,2,2,2,2
18,bout_0018,session5/2025_10_11_10_29_50,validation,223,0.2775,4.620279312133789,4.568742752075195,16.6496551788605,3,2,2,3,2,4
19,bout_0019,session5/2025_10_11_10_29_50,validation,187,0.2325,4.47564697265625,4.401751518249512,19.250094506048384,2,2,2,2,2,3
20,bout_0020,session5/2025_10_11_10_29_50,validation,342,0.42625,6.975969314575195,6.661559581756592,16.365910415425677,4,3,4,4,3,4
21,bout_0021,session5/2025_10_11_10_29_50,validation,168,0.20875,4.996133804321289,4.916097640991211,23.933575110521147,2,2,2,2,2,3
22,bout_0022,session5/2025_10_11_10_29_50,validation,395,0.4925,11.29541015625,10.445136070251465,22.93484295685279,5,6,5,5,5,5
23,bout_0023,session5/2025_10_11_10_29_50,validation,269,0.335,4.724628448486328,4.190300941467285,14.103368502944262,2,3,3,3,3,2
24,bout_0024,session5/2025_10_11_10_29_50,validation,265,0.33,5.249497890472412,5.1613922119140625,15.907569365067914,3,3,3,4,3,3
25,bout_0025,session5/2025_10_11_10_29_50,validation,373,0.465,5.348180770874023,5.171731472015381,11.501464023384996,3,5,2,3,2,4
26,bout_0026,session5/2025_10_11_10_29_50,validation,288,0.35875,9.517498970031738,9.397490501403809,26.529613853747005,4,4,4,4,5,4
27,bout_0027,session5/2025_10_11_10_29_50,validation,262,0.32625,7.331793308258057,7.225483417510986,22.472929680484466,4,3,3,4,4,3
28,bout_0028,session5/2025_10_11_10_29_50,validation,247,0.3075,4.969605922698975,4.877933979034424,16.161320073817805,2,3,3,3,2,3
29,bout_0029,session5/2025_10_11_10_29_50,validation,292,0.36375,7.8994646072387695,7.5145697593688965,21.716741188285276,4,3,3,4,4,4
30,bout_0030,session5/2025_10_11_10_29_50,validation,380,0.47375,11.553548812866211,10.977312088012695,24.38743812742208,5,5,5,5,5,5
31,bout_0031,session5/2025_10_11_10_29_50,validation,272,0.33875,7.261420726776123,7.069145202636719,21.435928344726562,3,4,4,4,3,4
32,bout_0032,session5/2025_10_11_10_29_50,validation,332,0.41375,11.378541946411133,11.187438011169434,27.501007725464973,5,4,4,5,5,5
33,bout_0033,session5/2025_10_11_10_29_50,validation,858,1.07125,22.92742156982422,20.705841064453125,21.402493880816074,11,12,12,11,11,12
34,bout_0034,session5/2025_10_11_10_29_50,validation,561,0.7,12.964991569519043,11.718064308166504,18.521416527884348,8,7,7,7,7,7
35,bout_0035,session5/2025_10_11_10_29_50,validation,260,0.32375,7.546864986419678,7.261538982391357,23.310779880832982,4,3,3,4,4,3
36,bout_0036,session5/2025_10_11_10_29_50,validation,489,0.61,16.067184448242188,15.854833602905273,26.339646636462604,7,7,7,7,7,7
37,bout_0037,session5/2025_10_11_10_29_50,validation,338,0.42125,5.637882709503174,5.4746785163879395,13.383697826713766,3,5,4,3,4,3
38,bout_0038,session5/2025_10_11_10_29_50,validation,362,0.45125,10.527771949768066,9.856486320495605,23.330242547962474,5,5,5,5,4,6
39,bout_0039,session5/2025_10_11_10_29_50,validation,363,0.4525,13.669464111328125,13.519243240356445,30.20876046702348,5,6,6,5,6,6
40,bout_0040,session5/2025_10_11_10_29_50,validation,265,0.33,7.345102310180664,6.862058639526367,22.257885788426254,3,3,3,4,4,3
41,bout_0041,session5/2025_10_11_10_29_50,validation,239,0.2975,6.567407608032227,6.041854381561279,22.075319690864628,3,3,3,3,3,3
42,bout_0042,session5/2025_10_11_10_29_50,validation,500,0.62375,16.648303985595703,15.80414867401123,26.69066771237788,8,7,7,8,8,7
43,bout_0043,session5/2025_10_11_10_29_50,validation,284,0.35375,7.875476837158203,7.405566692352295,22.262832048503753,3,4,4,3,4,4
44,bout_0044,session5/2025_10_11_10_29_50,validation,251,0.3125,6.151605129241943,6.020988464355469,19.68513641357422,3,3,3,3,3,3
45,bout_0045,session5/2025_10_11_10_29_50,validation,465,0.58,15.108222961425781,14.712687492370605,26.048660278320316,6,7,6,6,6,7
46,bout_0046,session5/2025_10_11_10_29_50,validation,248,0.30875,9.345104217529297,9.23133373260498,30.267544024386385,4,3,3,4,4,3
47,bout_0047,session5/2025_10_11_10_29_50,validation,281,0.35,10.09227466583252,9.582993507385254,28.8350704738072,4,5,5,4,4,5
48,bout_0048,session5/2025_10_11_10_29_50,validation,197,0.245,4.585395336151123,3.7836906909942627,18.715899331229075,3,3,3,2,2,3
49,bout_0049,session5/2025_10_11_10_29_50,validation,281,0.35,7.843995094299316,7.704788684844971,22.411414555140905,4,3,3,4,4,4
50,bout_0050,session5/2025_10_11_10_29_50,validation,494,0.61625,18.03325843811035,17.493846893310547,29.26289401721761,8,7,8,8,8,7
51,bout_0051,session5/2025_10_11_10_29_50,validation,470,0.58625,15.553001403808594,14.675713539123535,26.529639921208688,7,7,8,7,7,7
52,bout_0052,session5/2025_10_11_10_29_50,validation,267,0.3325,6.780679702758789,6.656382083892822,20.393021662432446,3,3,4,3,3,4
53,bout_0053,session5/2025_10_11_10_29_50,validation,475,0.5925,13.260416984558105,11.537662506103516,22.380450606849124,6,7,7,6,6,7
54,bout_0054,session5/2025_10_11_10_29_50,validation,280,0.34875,8.449010848999023,8.209444999694824,24.226554405731967,4,4,4,4,4,4
55,bout_0055,session5/2025_10_11_10_29_50,validation,346,0.43125,12.507275581359863,12.14569091796875,29.002378159675043,5,5,5,6,6,5
56,bout_0056,session5/2025_10_11_10_29_50,validation,241,0.3,6.740322113037109,6.670958518981934,22.467740376790367,3,3,3,3,3,3
57,bout_0057,session5/2025_10_11_10_29_50,validation,394,0.49125,17.266529083251953,16.911705017089844,35.14815080560194,7,7,7,7,7,7
58,bout_0058,session5/2025_10_11_10_29_50,validation,290,0.36125,9.731928825378418,9.402897834777832,26.93959536436932,5,4,4,5,5,4
59,bout_0059,session5/2025_10_11_10_29_50,validation,216,0.26875,5.670865058898926,5.38969612121582,21.100893242414607,3,3,3,2,3,3
60,bout_0060,session5/2025_10_11_10_29_50,validation,337,0.42,10.59056282043457,10.329201698303223,25.215625762939453,5,6,5,5,5,5
61,bout_0061,session5/2025_10_11_10_29_50,validation,337,0.42,12.356866836547852,12.068614959716797,29.421111515590123,6,5,5,6,6,6
62,bout_0062,session5/2025_10_11_10_29_50,validation,249,0.31,5.4301629066467285,5.213703632354736,17.51665453757009,3,3,3,4,3,3
63,bout_0063,session5/2025_10_11_10_29_50,validation,403,0.5025,13.253913879394531,13.159350395202637,26.37594801869559,6,6,6,6,6,6
64,bout_0064,session5/2025_10_11_10_29_50,validation,293,0.365,10.846537590026855,10.252575874328613,29.71654134253933,5,5,5,5,5,5
65,bout_0065,session5/2025_10_11_10_29_50,validation,320,0.39875,8.903142929077148,8.76447868347168,22.327631170099433,5,4,4,5,4,5
66,bout_0066,session5/2025_10_11_10_29_50,validation,236,0.29375,9.329911231994629,9.220151901245117,31.761399938705118,4,5,4,4,4,4
67,bout_0067,Session5_2/2025_10_11_10_59_13,test,372,0.46375,6.865560531616211,5.952188014984131,14.804443194859754,4,4,4,4,5,4
68,bout_0068,Session5_2/2025_10_11_10_59_13,test,168,0.20875,4.621018409729004,4.525749683380127,22.136615136426368,2,2,2,3,2,2
69,bout_0069,Session5_2/2025_10_11_10_59_13,test,255,0.3175,3.9929561614990234,3.6940102577209473,12.576239878737082,4,2,2,4,5,4
70,bout_0070,Session5_2/2025_10_11_10_59_13,test,306,0.38125,7.385554313659668,6.872450828552246,19.37194574074667,4,4,3,4,7,3
71,bout_0071,Session5_2/2025_10_11_10_59_13,test,452,0.56375,2.79729962348938,2.494576930999756,4.961950551644133,3,3,3,2,3,1
72,bout_0072,Session5_2/2025_10_11_10_59_13,test,628,0.78375,6.335090160369873,4.001827716827393,8.083049646404943,5,5,5,5,5,4
73,bout_0073,Session5_2/2025_10_11_10_59_13,test,559,0.6975,3.78000545501709,3.133391857147217,5.41936265952271,3,4,7,2,3,4
74,bout_0074,Session5_2/2025_10_11_10_59_13,test,678,0.84625,9.694658279418945,8.560935974121094,11.456021600495061,5,6,6,5,6,8
75,bout_0075,Session5_2/2025_10_11_10_59_13,test,301,0.375,3.958609104156494,3.5821902751922607,10.556290944417318,2,3,3,2,2,3
76,bout_0076,Session5_2/2025_10_11_10_59_13,test,569,0.71,17.297544479370117,16.497291564941406,24.362738703338195,8,8,7,8,8,6
77,bout_0077,Session5_2/2025_10_11_10_59_13,test,363,0.4525,4.920795440673828,4.724071979522705,10.874686056737742,3,3,3,3,2,3
78,bout_0078,Session5_2/2025_10_11_10_59_13,test,291,0.3625,3.235149383544922,3.029869318008423,8.924550023572198,2,3,1,2,2,4
79,bout_0079,Session5_2/2025_10_11_10_59_13,test,895,1.1175,13.416254997253418,12.133423805236816,12.00559731297845,9,8,8,9,9,8
80,bout_0080,Session5_2/2025_10_11_10_59_13,test,543,0.6775,5.892594337463379,4.996641159057617,8.697556217658123,3,4,3,4,4,4
81,bout_0081,Session5_2/2025_10_11_10_59_13,test,508,0.63375,5.824852466583252,5.415452003479004,9.191088704667854,5,6,5,4,4,6
82,bout_0082,Session5_2/2025_10_11_10_59_13,test,555,0.6925,7.540399551391602,5.775547981262207,10.888663612117837,5,4,4,3,3,5
83,bout_0083,Session5_2/2025_10_11_10_59_13,test,382,0.47625,3.374124526977539,3.165030002593994,7.084775909664124,3,2,4,3,5,2
84,bout_0084,Session5_2/2025_10_11_10_59_13,test,379,0.4725,4.815639972686768,4.5036845207214355,10.191830630024905,3,4,4,3,4,3
85,bout_0085,session6/2025_10_12_15_06_46,validation,956,1.19375,10.136801719665527,6.460072040557861,8.491561649981593,6,5,5,4,6,3
86,bout_0086,session6/2025_10_12_15_06_46,validation,246,0.30625,3.659860610961914,3.0847909450531006,11.9505652602838,2,2,2,2,2,2
87,bout_0087,session6/2025_10_12_15_06_46,validation,208,0.25875,9.54991340637207,8.371020317077637,36.907877899022495,3,4,4,3,3,4
88,bout_0088,session6/2025_10_12_15_06_46,validation,488,0.60875,5.041790008544922,4.525651931762695,8.282201246069686,3,3,3,4,2,4
89,bout_0089,session6/2025_10_12_15_06_46,validation,237,0.295,7.884304046630859,7.547717571258545,26.726454395358846,3,3,3,3,3,4
90,bout_0090,session6/2025_10_12_15_06_46,validation,276,0.34375,11.150407791137695,10.8102445602417,32.43754993785512,4,4,4,4,5,4
91,bout_0091,session6/2025_10_12_15_06_46,validation,204,0.25375,5.476003646850586,4.924351692199707,21.580309938327435,2,3,3,2,2,3
92,bout_0092,session6/2025_10_12_15_06_46,validation,526,0.65625,15.793668746948242,14.78686237335205,24.06654285249256,7,7,7,7,7,8
93,bout_0093,session6/2025_10_12_15_06_46,validation,114,0.14125,2.955223321914673,2.9145150184631348,20.921935022404764,1,2,2,1,1,2
94,bout_0094,session6/2025_10_12_15_06_46,validation,210,0.26125,6.101883888244629,5.298727989196777,23.356493352132553,4,2,3,3,3,3
95,bout_0095,session6/2025_10_12_15_06_46,validation,290,0.36125,7.45431661605835,7.037161350250244,20.634786480438336,3,4,4,3,3,3
96,bout_0096,session6/2025_10_12_15_06_46,validation,498,0.62125,18.368526458740234,16.87091636657715,29.567044601593942,8,7,8,8,8,7
97,bout_0097,session6/2025_10_12_15_06_46,validation,176,0.21875,4.445832252502441,4.20844841003418,20.323804582868302,2,2,2,2,2,2
98,bout_0098,session6/2025_10_12_15_06_46,validation,619,0.7725,10.501567840576172,9.397452354431152,13.594262576797634,5,5,5,5,5,6
99,bout_0099,session6/2025_10_12_15_06_46,validation,698,0.87125,17.29884147644043,15.377805709838867,19.855198251294613,9,7,8,7,8,6
100,bout_0100,session6/2025_10_12_15_06_46,validation,576,0.71875,7.972251892089844,5.769471645355225,11.091828719429348,5,4,4,5,3,4
101,bout_0101,session6/2025_10_12_15_06_46,validation,186,0.23125,5.478361129760742,4.941145896911621,23.690210290857262,3,2,3,3,3,2
102,bout_0102,session6/2025_10_12_15_06_46,validation,116,0.14375,3.6306939125061035,3.403402090072632,25.257001130477242,2,1,1,2,2,1
103,bout_0103,session6/2025_10_12_15_06_46,validation,266,0.33125,6.320595741271973,5.55918025970459,19.081043747236144,4,3,3,4,3,3
104,bout_0104,session6/2025_10_12_15_06_46,validation,231,0.2875,5.383267879486084,5.104620456695557,18.724410015603773,3,2,2,3,3,2
105,bout_0105,session6/2025_10_12_15_06_46,validation,636,0.79375,14.846736907958984,12.267590522766113,18.70455043522392,6,7,7,6,6,6
106,bout_0106,session6/2025_10_12_15_06_46,validation,148,0.18375,5.559144973754883,5.434268951416016,30.253850197305486,2,2,2,2,3,2
107,bout_0107,session6/2025_10_12_15_06_46,validation,324,0.40375,13.447704315185547,12.360006332397461,33.30700759179083,5,5,6,5,5,5
108,bout_0108,session6/2025_10_12_15_06_46,validation,337,0.42,10.843001365661621,9.894410133361816,25.816669918241956,5,4,5,5,5,5
109,bout_0109,session6/2025_10_12_15_06_46,validation,729,0.91,12.19281005859375,9.695902824401855,13.398692372081044,6,7,7,6,6,4
110,bout_0110,session6/2025_10_12_15_06_46,validation,249,0.31,12.611298561096191,12.331208229064941,40.681608261600616,5,5,4,5,5,4
111,bout_0111,session6/2025_10_12_15_06_46,validation,148,0.18375,4.767769813537598,4.594956874847412,25.947046604286246,2,2,2,2,2,2
112,bout_0112,session6/2025_10_12_15_06_46,validation,146,0.18125,4.664234161376953,4.375309467315674,25.73370571794181,3,2,2,2,3,2
113,bout_0113,session6/2025_10_12_15_06_46,validation,183,0.2275,6.178133010864258,5.640333652496338,27.15662861918355,3,2,3,3,3,3
114,bout_0114,session6/2025_10_12_15_06_46,validation,316,0.39375,6.190749168395996,5.165990352630615,15.722537570529514,3,3,3,3,4,3
115,bout_0115,session6/2025_10_12_15_06_46,validation,104,0.12875,3.2173354625701904,3.189467191696167,24.989013301516042,1,1,1,1,2,1
116,bout_0116,session6/2025_10_12_15_06_46,validation,253,0.315,9.47421646118164,9.158916473388672,30.07687765454489,4,4,4,4,4,3
117,bout_0117,session6/2025_10_12_15_06_46,validation,151,0.1875,5.523297309875488,5.258684158325195,29.45758565266927,2,3,3,2,2,3
118,bout_0118,session6/2025_10_12_15_06_46,validation,240,0.29875,5.292197227478027,5.029901027679443,17.71446770703942,3,3,2,3,2,3
119,bout_0119,session6/2025_10_12_15_06_46,validation,178,0.22125,7.455687522888184,7.338796615600586,33.69802270231947,3,3,3,3,3,4
120,bout_0120,session6/2025_10_12_15_06_46,validation,185,0.23,4.391222953796387,4.142085075378418,19.092273712158203,3,2,2,3,2,2
121,bout_0121,session6/2025_10_12_15_06_46,validation,234,0.29125,6.02522611618042,5.251412391662598,20.687471643537922,3,3,3,2,2,3
122,bout_0122,session6/2025_10_12_15_06_46,validation,221,0.275,7.553317070007324,7.2876152992248535,27.46660752729936,3,3,3,3,4,4
123,bout_0123,session6/2025_10_12_15_06_46,validation,200,0.24875,6.179198265075684,5.803471565246582,24.840998050555513,4,3,3,3,3,3
124,bout_0124,session6/2025_10_12_15_06_46,validation,415,0.5175,14.3134765625,13.252198219299316,27.658891908212563,7,7,7,6,6,7
125,bout_0125,session6/2025_10_12_15_06_46,validation,117,0.145,3.46048641204834,3.248699903488159,23.865423531367863,2,1,1,2,2,2
126,bout_0126,session6/2025_10_12_15_06_46,validation,245,0.305,7.946476936340332,7.376706123352051,26.05402274209945,4,3,3,4,4,4
127,bout_0127,session6/2025_10_12_15_06_46,validation,225,0.28,5.96666145324707,5.727972984313965,21.309505190168107,3,3,3,3,3,3
128,bout_0128,session6/2025_10_12_15_06_46,validation,159,0.1975,2.795694589614868,2.6978588104248047,14.155415643619586,2,1,1,2,2,1
129,bout_0129,session6/2025_10_12_15_06_46,validation,350,0.43625,7.984635353088379,6.400362968444824,18.302889061520638,4,5,5,4,4,4
130,bout_0130,session6/2025_10_12_15_06_46,validation,177,0.22,4.369551658630371,3.8999381065368652,19.861598448319867,2,2,3,2,2,3
131,bout_0131,session6/2025_10_12_15_06_46,validation,199,0.2475,4.648720741271973,4.104693412780762,18.782710065745345,3,2,3,3,3,2
132,bout_0132,session6/2025_10_12_15_06_46,validation,322,0.40125,6.9117560386657715,6.085993766784668,17.225560220973886,4,4,4,4,3,4
133,bout_0133,session6/2025_10_12_15_06_46,validation,229,0.285,4.457165241241455,4.257990837097168,15.639176285057738,3,2,2,2,2,2
134,bout_0134,session6/2025_10_12_15_06_46,validation,162,0.20125,5.370460033416748,5.2836809158325195,26.685515693996262,2,3,3,2,2,4
135,bout_0135,session6/2025_10_12_15_06_46,validation,173,0.215,4.03190803527832,3.8615996837615967,18.75306062920149,2,2,2,2,2,2
136,bout_0136,session6/2025_10_12_15_06_46,validation,1011,1.2625,17.510517120361328,15.810791969299316,13.86971653097927,10,10,10,9,11,10
137,bout_0137,session6/2025_10_12_15_06_46,validation,632,0.78875,11.473769187927246,8.711634635925293,14.546775515597144,7,6,5,6,6,6
138,bout_0138,session6/2025_10_12_15_06_46,validation,535,0.6675,11.172807693481445,9.581199645996094,16.738288679372953,6,6,6,6,6,6
139,bout_0139,session6/2025_10_12_15_06_46,validation,327,0.4075,6.048439025878906,5.862110137939453,14.842795155531059,3,3,3,3,3,3
140,bout_0140,session6/2025_10_12_15_06_46,validation,612,0.76375,19.051517486572266,18.29731559753418,24.944703746739464,8,9,9,9,8,9
141,bout_0141,session6/2025_10_12_15_06_46,validation,318,0.39625,8.398603439331055,7.297405242919922,21.195213727018434,4,4,5,4,4,5
142,bout_0142,session6/2025_10_12_15_06_46,validation,555,0.6925,11.05223560333252,10.10359001159668,15.95990700842241,6,6,6,7,6,5
143,bout_0143,session6/2025_10_12_15_06_46,validation,220,0.27375,8.986852645874023,8.29080867767334,32.828685464379994,4,3,3,4,4,3
144,bout_0144,session6/2025_10_12_15_06_46,validation,205,0.255,5.195601463317871,5.034706115722656,20.374907699285767,3,2,2,3,3,2
145,bout_0145,session6/2025_10_12_15_06_46,validation,250,0.31125,6.943572044372559,6.755033016204834,22.3086652028034,3,3,3,3,4,3
146,bout_0146,session6/2025_10_12_15_06_46,validation,295,0.3675,6.9688591957092285,6.733872890472412,18.96288216519518,3,4,4,3,3,3
147,bout_0147,session6/2025_10_12_15_06_46,validation,494,0.61625,13.283357620239258,11.396432876586914,21.555144211341595,6,7,7,6,6,7
148,bout_0148,session6/2025_10_12_15_06_46,validation,369,0.46,11.525761604309082,8.427513122558594,25.056003487628438,6,6,6,5,5,5
149,bout_0149,session6/2025_10_12_15_06_46,validation,288,0.35875,10.32419204711914,9.606051445007324,28.778235671412236,5,4,4,4,6,4
150,bout_0150,session6/2025_10_12_15_06_46,validation,216,0.26875,5.837916374206543,5.627620220184326,21.722479531931324,3,3,3,3,3,3
151,bout_0151,session6/2025_10_12_15_06_46,validation,212,0.26375,6.38301944732666,6.212052822113037,24.201021601238523,4,3,3,4,3,4
152,bout_0152,session6/2025_10_12_15_06_46,validation,614,0.76625,17.538875579833984,14.048187255859375,22.88923403567241,11,9,8,9,9,7
153,bout_0153,session6/2025_10_12_15_06_46,validation,218,0.27125,6.453978061676025,6.18305778503418,23.793467508483044,2,3,3,3,3,3
154,bout_0154,session6/2025_10_12_15_06_46,validation,90,0.11125,2.71764874458313,2.5713045597076416,24.428303322095548,2,1,1,2,2,1
155,bout_0155,session6/2025_10_12_15_06_46,validation,175,0.2175,4.534245491027832,4.322065830230713,20.84710570587509,2,3,3,2,2,2
156,bout_0156,session6/2025_10_12_15_06_46,validation,176,0.21875,4.431827068328857,4.263903617858887,20.259780883789062,3,2,3,2,2,4
157,bout_0157,session6/2025_10_12_15_06_46,validation,196,0.24375,5.554505825042725,5.401062488555908,22.787716205303486,2,3,3,2,3,4
158,bout_0158,session6/2025_10_12_15_06_46,validation,449,0.56,15.34990119934082,14.505230903625488,27.41053785596575,6,7,7,6,7,7
159,bout_0159,session6/2025_10_12_15_06_46,validation,217,0.27,5.469176769256592,5.085999488830566,20.256210256505895,3,3,3,3,2,2
160,bout_0160,session6/2025_10_12_15_06_46,validation,209,0.26,6.306218147277832,6.0934739112854,24.254685181837814,3,3,3,3,2,4
161,bout_0161,session6/2025_10_12_15_06_46,validation,266,0.33125,7.2442474365234375,6.866700649261475,21.86942622346698,4,3,4,4,5,3
162,bout_0162,session6/2025_10_12_15_06_46,validation,229,0.285,7.6643548011779785,7.331781387329102,26.8924729865894,4,4,4,3,3,4
163,bout_0163,session6/2025_10_12_15_06_46,validation,404,0.50375,16.62425422668457,16.257665634155273,33.0010009462721,7,7,7,7,7,7
164,bout_0164,session6/2025_10_12_15_06_46,validation,311,0.3875,9.374312400817871,9.159436225891113,24.191773937594505,5,4,4,5,5,4
165,bout_0165,session6/2025_10_12_15_06_46,validation,208,0.25875,6.686453342437744,6.322627544403076,25.841365574638626,4,3,3,3,4,3
166,bout_0166,session6/2025_10_12_15_06_46,validation,182,0.22625,4.495586395263672,4.322936058044434,19.8699951171875,2,2,2,3,2,2
167,bout_0167,session6/2025_10_12_15_06_46,validation,290,0.36125,8.9753999710083,8.669218063354492,24.845397843621594,4,4,4,4,5,4
168,bout_0168,session6/2025_10_12_15_06_46,validation,328,0.40875,8.952285766601562,8.693293571472168,21.90161655437691,4,4,4,4,4,4
169,bout_0169,session6/2025_10_12_15_06_46,validation,171,0.2125,5.003009796142578,4.864119529724121,23.543575511259192,2,2,2,2,3,3
170,bout_0170,session6/2025_10_12_15_06_46,validation,166,0.20625,4.736881732940674,4.628690242767334,22.96669931122751,3,2,2,2,2,2
171,bout_0171,session6/2025_10_12_15_06_46,validation,353,0.44,8.366525650024414,7.970920085906982,19.014831022782758,4,4,4,4,5,4
172,bout_0172,session6/2025_10_12_15_06_46,validation,170,0.21125,5.066719055175781,4.857669353485107,23.984468900240387,2,3,3,3,2,3
173,bout_0173,Session6/2025_10_12_15_55_19,validation,1350,1.68625,10.797046661376953,8.909228324890137,6.402992831061202,8,7,11,8,6,8
174,bout_0174,Session6/2025_10_12_15_55_19,validation,259,0.3225,3.82503080368042,3.6882667541503906,11.860560631567193,3,3,2,3,4,2
175,bout_0175,Session6/2025_10_12_15_55_19,validation,1178,1.47125,7.6075639724731445,5.543403625488281,5.17081663379653,6,5,4,3,7,3
176,bout_0176,Session6/2025_10_12_15_55_19,validation,578,0.72125,5.707642078399658,5.07771110534668,7.913541876463998,5,3,3,4,6,3
177,bout_0177,Session6/2025_10_12_15_55_19,validation,416,0.51875,5.199185371398926,4.339865207672119,10.022526017154554,3,4,4,3,5,3
178,bout_0178,Session6/2025_10_12_15_55_19,validation,356,0.44375,6.863903045654297,6.677631855010986,15.467950525418134,4,4,7,4,5,3
179,bout_0179,Session6/2025_10_12_15_55_19,validation,1214,1.51625,9.513792991638184,6.378255367279053,6.274554322597318,7,7,8,7,9,6
180,bout_0180,Session6/2025_10_12_15_55_19,validation,563,0.7025,5.14246129989624,4.552336692810059,7.320229608393224,3,3,4,3,6,3
181,bout_0181,Session6/2025_10_12_15_55_19,validation,184,0.22875,3.6270532608032227,3.339644432067871,15.855970539030482,2,2,2,2,4,2
182,bout_0182,Session6/2025_10_12_15_55_19,validation,223,0.2775,3.993687629699707,3.8490376472473145,14.391667134052996,2,2,2,2,2,2
183,bout_0183,Session6/2025_10_12_15_55_19,validation,189,0.235,7.620362281799316,7.526831150054932,32.42707353957156,3,3,3,3,3,3
184,bout_0184,Session6/2025_10_12_15_55_19,validation,917,1.145,9.282991409301758,6.571968078613281,8.107416077992802,6,6,5,6,7,5
185,bout_0185,Session6/2025_10_12_15_55_19,validation,519,0.6475,6.419637680053711,5.72710657119751,9.9144983475733,4,4,5,4,6,5
186,bout_0186,Session6/2025_10_12_15_55_19,validation,174,0.21625,3.282059907913208,3.193452835083008,15.177155643529286,1,2,2,2,2,3
187,bout_0187,Session6/2025_10_12_15_55_19,validation,232,0.28875,3.845733642578125,3.6444015502929688,13.318558069534632,2,2,2,2,3,2
188,bout_0188,Session6/2025_10_12_15_55_19,validation,341,0.425,8.061491012573242,7.5526299476623535,18.96821414723116,4,4,4,4,5,4
189,bout_0189,Session6/2025_10_12_15_55_19,validation,453,0.565,2.9279279708862305,2.036802053451538,5.182173399798638,1,5,5,1,10,1
190,bout_0190,Session6/2025_10_12_15_55_19,validation,1427,1.7825,18.173585891723633,15.074613571166992,10.19556010755884,12,11,11,11,15,10
191,bout_0191,Session6/2025_10_12_15_55_19,validation,164,0.20375,5.13515567779541,4.942267894744873,25.20321805052962,2,3,3,2,2,2
192,bout_0192,Session6/2025_10_12_15_55_19,validation,127,0.1575,5.2492899894714355,5.04424524307251,33.32882532997737,2,2,2,2,2,2
193,bout_0193,Session6/2025_10_12_15_55_19,validation,164,0.20375,4.205173492431641,3.981020450592041,20.638888306412962,2,3,3,2,2,3
194,bout_0194,session7/2025_10_13_12_33_18,test,438,0.54625,6.262943744659424,5.214117050170898,11.46534323965112,3,3,2,4,3,3
195,bout_0195,session7/2025_10_13_12_33_18,test,231,0.2875,5.521973609924316,5.433846473693848,19.206864730171535,3,2,2,3,3,2
196,bout_0196,session7/2025_10_13_12_33_18,test,276,0.34375,4.906180381774902,4.787423133850098,14.272524746981533,2,2,3,2,3,3
197,bout_0197,session7/2025_10_13_12_33_18,test,393,0.49,4.402311325073242,4.102509498596191,8.984308826680087,3,2,2,3,3,5
198,bout_0198,session7/2025_10_13_12_33_18,test,480,0.59875,6.869607448577881,6.330563068389893,11.473248348355542,4,4,6,4,5,4
199,bout_0199,session7/2025_10_13_12_33_18,test,455,0.5675,6.167973518371582,5.225992202758789,10.868675803297942,4,3,4,3,3,3
200,bout_0200,session7/2025_10_13_12_33_18,test,449,0.56,3.6772968769073486,3.346108913421631,6.566601565905979,2,3,3,2,4,2
201,bout_0201,session7/2025_10_13_12_33_18,test,1049,1.31,11.12695026397705,7.9730753898620605,8.49385516334126,7,6,6,7,6,6
202,bout_0202,session7/2025_10_13_12_33_18,test,500,0.62375,4.905848503112793,4.469048500061035,7.865087780541551,3,3,3,3,4,2
203,bout_0203,session7/2025_10_13_12_33_18,test,228,0.28375,3.548448085784912,3.342306137084961,12.505543914660484,2,1,2,2,2,2
204,bout_0204,session7/2025_10_13_12_33_18,test,337,0.42,6.287274360656738,5.886450290679932,14.96970085870652,3,3,3,3,3,3
205,bout_0205,session7/2025_10_13_12_33_18,test,477,0.595,11.69210147857666,10.709166526794434,19.650590720296908,5,6,6,5,5,6
206,bout_0206,session7/2025_10_13_12_33_18,test,611,0.7625,7.214684963226318,6.4307756423950195,9.461881918985336,4,4,4,4,4,4
207,bout_0207,session7/2025_10_13_12_33_18,test,728,0.90875,14.157893180847168,13.6174898147583,15.579524820739664,7,6,7,7,7,7
208,bout_0208,session7/2025_10_13_12_33_18,test,569,0.71,7.962316513061523,7.193180561065674,11.214530300086654,4,5,5,4,4,5
209,bout_0209,session7/2025_10_13_12_33_18,test,1341,1.675,14.008526802062988,11.447004318237305,8.363299583321187,9,9,8,8,8,6
210,bout_0210,session7/2025_10_13_12_33_18,test,304,0.37875,4.067806243896484,3.7936384677886963,10.740082492135933,2,3,2,2,2,2
211,bout_0211,session7/2025_10_13_12_33_18,test,570,0.71125,6.260321617126465,5.537254333496094,8.801858161161988,4,6,4,4,5,2
212,bout_0212,session7/2025_10_13_12_33_18,test,891,1.1125,10.983253479003906,9.9640531539917,9.872587396857444,6,6,7,6,5,7
213,bout_0213,session7/2025_10_13_12_33_18,test,1004,1.25375,9.196722984313965,6.129155158996582,7.335372270639255,7,5,6,6,5,6
214,bout_0214,session7/2025_10_13_12_33_18,test,434,0.54125,6.610540390014648,5.890789985656738,12.213469542752238,3,4,4,3,3,3
215,bout_0215,session7/2025_10_13_12_33_18,test,381,0.475,3.7328765392303467,3.1922099590301514,7.8586874510112565,2,3,2,2,3,2
216,bout_0216,session7/2025_10_13_12_33_18,test,535,0.6675,11.5803804397583,11.375053405761719,17.34888455394502,6,5,5,6,6,5
217,bout_0217,session7/2025_10_13_12_33_18,test,790,0.98625,5.3695292472839355,4.451256275177002,5.4443896043436615,3,3,3,3,3,4
218,bout_0218,session7/2025_10_13_12_33_18,test,1109,1.385,8.537764549255371,6.827395439147949,6.16445093809052,6,6,5,6,8,4
219,bout_0219,session7/2025_10_13_12_33_18,test,848,1.05875,8.636035919189453,7.755760192871094,8.156822591914477,6,5,5,6,4,5
220,bout_0220,session7/2025_10_13_12_33_18,test,550,0.68625,6.254400253295898,5.361014366149902,9.113880150522256,5,6,4,4,4,4
221,bout_0221,session7/2025_10_13_12_33_18,test,338,0.42125,4.259106159210205,3.967759609222412,10.11063776667111,3,2,2,3,3,2
222,bout_0222,session7/2025_10_13_12_33_18,test,502,0.62625,7.938392639160156,7.645464897155762,12.67607607051522,4,4,4,4,4,4
223,bout_0223,session7/2025_10_13_12_33_18,test,350,0.43625,5.655707359313965,5.494779586791992,12.964372170347197,3,3,3,3,3,2
224,bout_0224,session7/2025_10_13_12_33_18,test,432,0.53875,5.9222517013549805,5.775478363037109,10.992578563999965,4,3,3,4,4,5
225,bout_0225,session7/2025_10_13_12_33_18,test,323,0.4025,6.319911479949951,6.134765148162842,15.701643428447083,3,4,4,3,3,2
226,bout_0226,session7/2025_10_13_12_33_18,test,360,0.44875,6.1109819412231445,5.932523250579834,13.617787055650462,3,3,3,3,3,3
227,bout_0227,session7/2025_10_13_12_33_18,test,307,0.3825,5.6968841552734375,5.523974895477295,14.893814785028594,3,3,3,3,3,3
228,bout_0228,session7/2025_10_13_12_33_18,test,1024,1.27875,15.445404052734375,13.832181930541992,12.078517343291788,10,9,9,10,8,9
229,bout_0229,session7/2025_10_13_12_33_18,test,295,0.3675,4.59464168548584,4.05383825302124,12.50242635506351,2,3,3,2,2,3
230,bout_0230,session7/2025_10_13_12_33_18,test,419,0.5225,6.2087721824646,5.279922008514404,11.88281757409493,3,4,4,3,3,4
231,bout_0231,session7/2025_10_13_12_33_18,test,397,0.495,5.665368556976318,4.771622657775879,11.445189003992562,3,4,4,4,3,3
232,bout_0232,session7/2025_10_13_12_33_18,test,158,0.19625,4.389942169189453,4.270016670227051,22.369132072302946,2,2,2,2,2,2
233,bout_0233,session7/2025_10_13_12_33_18,test,362,0.45125,5.544780731201172,5.040635585784912,12.28760272842365,3,4,3,3,3,3
234,bout_0234,Session7/2025_10_13_18_35_49,train,342,0.42625,4.889906883239746,4.322855472564697,11.471922306720812,4,3,3,2,2,3
235,bout_0235,Session7/2025_10_13_18_35_49,train,235,0.2925,5.7102370262146,5.5070414543151855,19.52217786740034,4,3,2,3,3,2
236,bout_0236,Session7/2025_10_13_18_35_49,train,416,0.51875,5.091125965118408,4.280932426452637,9.8142187279391,4,2,6,4,3,3
237,bout_0237,Session7/2025_10_13_18_35_49,train,274,0.34125,5.229461669921875,4.906034469604492,15.324429801968865,2,4,4,3,3,3
238,bout_0238,Session7/2025_10_13_18_35_49,train,374,0.46625,5.3730244636535645,4.846212387084961,11.5239130587744,3,3,3,3,3,3
239,bout_0239,Session7/2025_10_13_18_35_49,train,370,0.46125,14.068195343017578,13.34698486328125,30.500152505187163,5,6,6,5,6,6
240,bout_0240,Session7/2025_10_13_18_35_49,train,401,0.5,5.267250061035156,4.801490306854248,10.534500122070312,3,2,3,3,2,4
241,bout_0241,Session7/2025_10_13_18_35_49,train,497,0.62,10.584218978881836,9.342748641967773,17.07132093368038,5,6,6,5,7,5
242,bout_0242,Session10/2026_03_02_12_54_26,train,284,0.35375,5.80733585357666,5.684314250946045,16.4164971125842,3,4,4,2,3,3
243,bout_0243,Session10/2026_03_02_12_54_26,train,602,0.75125,9.686315536499023,8.028903007507324,12.893598051912178,5,5,4,7,4,5
244,bout_0244,Session10/2026_03_02_12_54_26,train,411,0.5125,7.282623291015625,5.775340557098389,14.209996665396343,3,4,3,3,3,3
245,bout_0245,Session10/2026_03_02_12_54_26,train,334,0.41625,8.275768280029297,7.793641090393066,19.88172559766798,3,4,4,3,3,4
246,bout_0246,Session10/2026_03_02_12_54_26,train,328,0.40875,7.200345993041992,6.8108720779418945,17.615525365240348,4,4,4,4,3,5
247,bout_0247,Session10/2026_03_02_12_54_26,train,158,0.19625,4.760241508483887,4.620056629180908,24.256007686542098,2,2,2,2,2,2
248,bout_0248,Session10/2026_03_02_12_54_26,train,170,0.21125,5.3123393058776855,5.133561611175537,25.147168311847032,2,3,2,2,2,2
249,bout_0249,Session10/2026_03_02_12_54_26,train,414,0.51625,11.065927505493164,10.069818496704102,21.435210664393537,5,6,5,6,6,5
250,bout_0250,Session10/2026_03_02_12_54_26,train,323,0.4025,8.878604888916016,7.791961193084717,22.058645686747862,4,3,4,4,4,4
251,bout_0251,Session10/2026_03_02_12_54_26,train,218,0.27125,5.195501327514648,5.035900115966797,19.153921944754465,2,4,3,2,2,2
252,bout_0252,Session10/2026_03_02_12_54_26,train,267,0.3325,5.598028182983398,5.3790788650512695,16.836174986416236,2,4,2,2,2,3
253,bout_0253,Session10/2026_03_02_12_54_26,train,242,0.30125,5.760227203369141,5.460052490234375,19.121086152262706,3,2,3,3,2,4
254,bout_0254,Session10/2026_03_02_12_54_26,train,362,0.45125,7.808440208435059,7.4147562980651855,17.304022622570766,3,4,4,3,3,3
255,bout_0255,Session10/2026_03_02_12_54_26,train,273,0.34,7.101154327392578,6.785009860992432,20.885748021742874,3,4,4,3,3,4
256,bout_0256,Session10/2026_03_02_12_54_26,train,292,0.36375,6.736459732055664,6.248785018920898,18.519476926613507,3,3,3,3,3,3
257,bout_0257,Session10/2026_03_02_12_54_26,train,264,0.32875,5.92192268371582,5.576585292816162,18.013453030314285,3,3,3,4,3,3
258,bout_0258,Session10/2026_03_02_13_11_00,validation,515,0.6425,13.408458709716797,10.899847984313965,20.869196435356884,6,7,7,6,6,7
259,bout_0259,Session10/2026_03_02_13_11_00,validation,170,0.21125,6.321655750274658,5.7802042961120605,29.924997634436252,2,3,3,2,2,3
260,bout_0260,Session10/2026_03_02_13_11_00,validation,298,0.37125,8.978665351867676,8.368988037109375,24.184957176747947,4,3,3,4,4,3
261,bout_0261,Session10/2026_03_02_13_11_00,validation,299,0.3725,7.212140083312988,6.949653148651123,19.361449888088558,4,3,3,4,4,3
262,bout_0262,Session10/2026_03_02_13_11_00,validation,178,0.22125,6.179042816162109,6.098066806793213,27.927877135195974,3,2,2,3,3,2
263,bout_0263,Session10/2026_03_02_13_11_00,validation,263,0.3275,8.484127044677734,8.299178123474121,25.905731434130484,4,3,3,4,4,4
264,bout_0264,Session10/2026_03_02_13_11_00,validation,211,0.2625,6.443141937255859,6.0178632736206055,24.54530261811756,3,2,2,3,3,3
265,bout_0265,Session10/2026_03_02_13_11_00,validation,209,0.26,7.059258460998535,6.7881669998168945,27.150994080763596,3,3,3,3,3,3
266,bout_0266,Session10/2026_03_02_13_11_00,validation,260,0.32375,8.564929962158203,8.377887725830078,26.45538212249638,3,4,4,3,5,5
267,bout_0267,Session10/2026_03_02_13_11_00,validation,204,0.25375,5.521069526672363,5.202778339385986,21.757909464718676,2,3,3,2,2,3
268,bout_0268,Session10/2026_03_02_13_11_00,validation,222,0.27625,7.178356170654297,6.962950706481934,25.984999712775736,3,3,3,3,3,3
269,bout_0269,Session10/2026_03_02_13_11_00,validation,239,0.2975,6.176709175109863,5.936490058898926,20.762047647428112,4,4,3,3,3,4
270,bout_0270,Session10/2026_03_02_13_11_00,validation,194,0.24125,4.891867637634277,4.664122581481934,20.277171554960734,3,2,2,3,3,2
271,bout_0271,Session10/2026_03_02_13_11_00,validation,184,0.22875,5.325011730194092,4.94723653793335,23.278739804127177,2,3,3,2,2,3
272,bout_0272,Session10/2026_03_02_13_11_00,validation,243,0.3025,7.975107669830322,7.791504383087158,26.363992296959744,4,3,3,4,4,3
273,bout_0273,Session10/2026_03_02_13_11_00,validation,133,0.165,4.8901567459106445,4.753228187561035,29.637313611579664,2,2,2,2,2,2
274,bout_0274,Session10/2026_03_02_13_11_00,validation,286,0.35625,6.8938493728637695,6.551083087921143,19.35115613435444,4,4,4,3,3,4
275,bout_0275,Session10/2026_03_02_13_11_00,validation,231,0.2875,7.188232898712158,6.9817376136779785,25.002549212911855,3,3,3,3,3,3
276,bout_0276,Session10/2026_03_02_13_11_00,validation,165,0.205,3.332810163497925,3.085505723953247,16.257610553648416,2,2,2,2,2,2
277,bout_0277,Session10/2026_03_02_13_11_00,validation,320,0.39875,7.68658447265625,6.8362040519714355,19.276700871865206,4,4,4,5,5,4
278,bout_0278,Session10/2026_03_02_13_11_00,validation,299,0.3725,7.210334300994873,6.7387237548828125,19.356602150321805,4,3,3,4,3,4
279,bout_0279,Session10/2026_03_02_13_11_00,validation,402,0.50125,10.225231170654297,8.351106643676758,20.399463682103338,5,6,5,5,5,7
280,bout_0280,Session10/2026_03_02_13_11_00,validation,245,0.305,5.508124351501465,5.379117965698242,18.05942410328349,3,3,3,3,2,4
281,bout_0281,Session10/2026_03_02_13_11_00,validation,295,0.3675,6.315435886383057,5.993254661560059,17.184859554783827,4,4,3,4,4,3
282,bout_0282,Session10/2026_03_02_13_11_00,validation,344,0.42875,8.457340240478516,7.516035556793213,19.725574904906157,5,4,4,5,5,4
283,bout_0283,Session10/2026_03_02_13_11_00,validation,178,0.22125,4.834117412567139,4.706392288208008,21.84911824889102,2,2,2,2,2,2
284,bout_0284,Session10/2026_03_02_13_27_03,train,310,0.38625,10.285740852355957,10.089957237243652,26.62974977956235,4,4,4,4,4,4
285,bout_0285,Session10/2026_03_02_13_27_03,train,308,0.38375,10.163230895996094,9.900618553161621,26.48398930552728,5,4,4,5,6,4
286,bout_0286,Session10/2026_03_02_13_27_03,train,292,0.36375,6.331951141357422,5.583867073059082,17.407425818164732,3,3,3,3,3,3
287,bout_0287,Session10/2026_03_02_13_27_03,train,298,0.37125,5.934427261352539,5.382819175720215,15.984989256168454,4,3,3,3,3,3
288,bout_0288,Session10/2026_03_02_13_27_03,train,379,0.4725,9.497467041015625,8.643939018249512,20.100459346064817,4,5,5,4,4,5
289,bout_0289,Session10/2026_03_02_13_27_03,train,312,0.38875,5.209224224090576,4.841475009918213,13.399933695409842,2,3,2,2,2,3
290,bout_0290,Session10/2026_03_02_13_27_03,train,295,0.3675,8.806354522705078,8.574908256530762,23.962869449537628,4,4,4,3,4,4
291,bout_0291,Session10/2026_03_02_13_27_03,train,254,0.31625,7.3896589279174805,7.060618877410889,23.366510444007844,3,4,4,3,3,3
292,bout_0292,Session10/2026_03_02_13_27_03,train,251,0.3125,7.116509914398193,6.670995712280273,22.77283172607422,3,4,4,3,4,4
293,bout_0293,Session10/2026_03_02_13_27_03,train,283,0.3525,7.539734363555908,6.993541717529297,21.389317343421016,4,3,3,4,4,3
294,bout_0294,Session10/2026_03_02_13_27_03,train,225,0.28,4.780228137969971,4.522923469543457,17.07224334989275,3,3,3,3,2,3
295,bout_0295,Session10/2026_03_02_13_27_03,train,289,0.36,7.998027324676514,7.036288738250732,22.21674256854587,4,4,4,4,3,4
296,bout_0296,Session10/2026_03_02_13_27_03,train,154,0.19125,4.767838478088379,4.65231990814209,24.92987439523335,2,2,2,2,2,2
297,bout_0297,Session10/2026_03_02_13_27_03,train,123,0.1525,4.8899664878845215,4.764150619506836,32.065354018914896,2,2,2,2,2,2
298,bout_0298,Session10/2026_03_02_13_27_03,train,247,0.3075,7.682796955108643,7.385944843292236,24.984705545068756,3,4,4,3,3,4
299,bout_0299,Session10/2026_03_02_13_27_03,train,160,0.19875,4.755503177642822,4.667375087738037,23.92706001329722,2,2,2,2,2,2
300,bout_0300,Session10/2026_03_02_13_27_03,train,242,0.30125,5.227103233337402,4.818929672241211,17.351380027676022,3,2,3,3,3,2
301,bout_0301,Session10/2026_03_02_13_27_03,train,246,0.30625,6.090017318725586,5.654520511627197,19.885770836654974,3,3,3,2,2,3
302,bout_0302,Session10/2026_03_02_13_27_03,train,358,0.44625,2.2355494499206543,1.5062756538391113,5.009634621670934,2,1,1,1,1,3
303,bout_0303,Session10/2026_03_02_13_27_03,train,173,0.215,6.228114604949951,6.062159061431885,28.967974906743958,3,2,2,3,3,2
304,bout_0304,Session10/2026_03_02_13_27_03,train,206,0.25625,5.6006178855896,4.95119047164917,21.85606979742283,3,3,3,3,3,2
305,bout_0305,Session10/2026_03_02_13_27_03,train,212,0.26375,3.853997230529785,3.683042526245117,14.612311774520514,2,2,3,2,2,2
306,bout_0306,Session10/2026_03_02_13_27_03,train,230,0.28625,5.608168601989746,5.423912048339844,19.591855378130116,3,3,3,3,2,2
307,bout_0307,Session10/2026_03_02_13_39_54,test,261,0.325,10.050705909729004,9.114338874816895,30.925248953012318,4,4,4,4,4,4
308,bout_0308,Session10/2026_03_02_13_39_54,test,266,0.33125,7.8001909255981445,7.5784196853637695,23.547746190484965,4,3,3,4,3,3
309,bout_0309,Session10/2026_03_02_13_39_54,test,173,0.215,5.764294624328613,5.426143169403076,26.810672671295876,3,2,2,3,3,2
310,bout_0310,Session10/2026_03_02_13_39_54,test,213,0.265,8.451322555541992,8.211002349853516,31.891783228460348,4,3,3,4,4,3
311,bout_0311,Session10/2026_03_02_13_39_54,test,243,0.3025,7.999994277954102,7.563105583190918,26.44626207588133,3,4,4,3,3,4
312,bout_0312,Session10/2026_03_02_13_39_54,test,259,0.3225,6.546288967132568,6.334034442901611,20.298570440721143,3,3,3,3,3,3
313,bout_0313,Session10/2026_03_02_13_39_54,test,346,0.43125,6.198495864868164,5.800505638122559,14.373323744621828,4,4,4,3,3,4
314,bout_0314,Session10/2026_03_02_13_39_54,test,299,0.3725,5.84231424331665,5.171352863311768,15.684065082729262,4,4,3,3,3,3
315,bout_0315,Session10/2026_03_02_13_39_54,test,187,0.2325,6.00048828125,5.874508857727051,25.808551747311828,3,2,2,3,3,2
316,bout_0316,Session10/2026_03_02_13_39_54,test,176,0.21875,4.02197790145874,3.848264217376709,18.386184692382812,2,3,2,2,2,2
317,bout_0317,Session10/2026_03_02_13_39_54,test,136,0.16875,4.840743064880371,4.672595500946045,28.685884828920717,2,3,2,2,2,2
318,bout_0318,Session10/2026_03_02_13_39_54,test,170,0.21125,5.082714080810547,4.953624725341797,24.060184997919748,3,2,2,3,2,2
319,bout_0319,Session10/2026_03_02_13_39_54,test,220,0.27375,6.607110023498535,6.484072685241699,24.135561729675015,3,3,3,3,3,3
320,bout_0320,Session10/2026_03_02_13_39_54,test,226,0.28125,6.373875617980957,6.0489301681518555,22.662668863932293,3,3,3,3,3,3
321,bout_0321,Session10/2026_03_02_13_39_54,test,289,0.36,6.740970611572266,6.13395357131958,18.724918365478516,4,4,3,4,3,4
322,bout_0322,Session10/2026_03_02_13_39_54,test,188,0.23375,5.769509792327881,5.606647491455078,24.68239483348826,3,3,3,3,3,3
323,bout_0323,Session10/2026_03_02_13_39_54,test,348,0.43375,15.503263473510742,14.352269172668457,35.742394175240904,6,6,6,6,6,6
324,bout_0324,Session10/2026_03_02_13_39_54,test,209,0.26,7.268956661224365,7.175864219665527,27.957525620093712,3,3,3,3,3,3
325,bout_0325,Session10/2026_03_02_13_39_54,test,164,0.20375,5.951085090637207,5.622864246368408,29.207779585949485,3,2,2,3,3,2
326,bout_0326,Session10/2026_03_02_13_39_54,test,158,0.19625,4.520910263061523,4.377686023712158,23.036485416874005,2,2,2,2,2,2
327,bout_0327,Session10/2026_03_02_13_39_54,test,200,0.24875,5.827596664428711,5.684638500213623,23.427524279110397,3,3,2,3,4,2
328,bout_0328,Session10/2026_03_02_13_39_54,test,188,0.23375,3.3614299297332764,3.205137252807617,14.380448897254658,3,2,2,2,1,3
329,bout_0329,Session10/2026_03_02_13_39_54,test,198,0.24625,4.63454532623291,4.541853904724121,18.820488634448367,2,2,2,2,2,2
330,bout_0330,Session10/2026_03_02_13_39_54,test,258,0.32125,7.547203063964844,7.125906944274902,23.49323910961819,4,3,3,4,3,3
331,bout_0331,Session10/2026_03_02_13_39_54,test,240,0.29875,4.4700117111206055,4.337347984313965,14.96238229663801,2,3,2,2,2,4
332,bout_0332,Session10/2026_03_02_14_47_43,test,324,0.40375,11.948556900024414,9.48187255859375,29.593948978388642,5,5,4,5,5,4
333,bout_0333,Session10/2026_03_02_14_47_43,test,172,0.21375,6.45975399017334,6.16790771484375,30.22107129905656,3,2,2,3,4,2
334,bout_0334,Session10/2026_03_02_14_47_43,test,157,0.195,6.204705238342285,6.089968204498291,31.819001222268128,2,3,3,2,2,3
335,bout_0335,Session10/2026_03_02_14_47_43,test,211,0.2625,9.756101608276367,9.565879821777344,37.16610136486235,3,4,4,3,3,4
336,bout_0336,Session10/2026_03_02_14_47_43,test,179,0.2225,5.030473232269287,4.895556449890137,22.608868459637247,2,3,3,2,3,2
337,bout_0337,Session10/2026_03_02_14_47_43,test,122,0.15125,5.727626323699951,5.602784633636475,37.86860379305753,2,2,2,2,3,2
338,bout_0338,Session10/2026_03_02_14_47_43,test,339,0.4225,7.656683444976807,7.258498668670654,18.12232768041848,4,4,4,4,4,4
339,bout_0339,Session10/2026_03_02_14_47_43,test,132,0.16375,4.666325569152832,4.4239068031311035,28.49664469711653,2,2,2,2,2,2
340,bout_0340,Session10/2026_03_02_14_47_43,test,187,0.2325,6.5299458503723145,6.110805511474609,28.08578860375189,3,2,2,3,3,2
341,bout_0341,Session10/2026_03_02_14_47_43,test,184,0.22875,6.7445173263549805,6.430087566375732,29.48422874909281,3,2,2,3,3,2
342,bout_0342,Session10/2026_03_02_14_47_43,test,250,0.31125,2.5417659282684326,2.284289598464966,8.166316235400586,1,2,2,1,2,2
343,bout_0343,Session10/2026_03_02_14_47_43,test,154,0.19125,5.033147811889648,4.72390079498291,26.31711274190666,2,2,3,2,2,2
344,bout_0344,Session10/2026_03_02_14_47_43,test,184,0.22875,6.8045244216918945,6.5080180168151855,29.746554848926312,3,2,3,3,3,2
345,bout_0345,Session10/2026_03_02_14_47_43,test,289,0.36,4.785449504852295,4.402774333953857,13.292915291256374,2,2,2,1,3,2
346,bout_0346,Session10/2026_03_02_14_47_43,test,336,0.41875,11.129301071166992,10.720375061035156,26.57743539383162,4,5,5,5,4,5
347,bout_0347,Session10/2026_03_02_14_47_43,test,173,0.215,6.332306861877441,5.944775581359863,29.452590055243913,2,3,3,2,2,3
348,bout_0348,Session10/2026_03_02_16_24_53,train,219,0.2725,4.170088768005371,3.8929097652435303,15.303078047726132,2,3,3,2,3,2
349,bout_0349,Session10/2026_03_02_16_24_53,train,272,0.33875,5.547481536865234,5.396404266357422,16.376329260118773,3,2,2,3,3,3
350,bout_0350,Session10/2026_03_02_16_24_53,train,239,0.2975,5.375081539154053,5.102041244506836,18.067500971946398,2,4,3,3,2,2
351,bout_0351,Session10/2026_03_02_16_24_53,train,192,0.23875,5.673628807067871,5.480269432067871,23.763890291383753,2,3,3,2,2,3
352,bout_0352,Session10/2026_03_02_16_24_53,train,350,0.43625,8.486075401306152,8.167383193969727,19.452321836804934,4,4,4,3,4,4
353,bout_0353,Session10/2026_03_02_16_24_53,train,162,0.20125,4.7389817237854,4.573954105377197,23.547735273467826,2,2,2,2,2,2
354,bout_0354,Session10/2026_03_02_16_24_53,train,239,0.2975,6.704875946044922,6.5293192863464355,22.537398137966125,3,3,3,3,3,3
355,bout_0355,Session10/2026_03_02_16_24_53,train,212,0.26375,4.996102333068848,4.850944995880127,18.942568087464828,3,2,2,3,3,2
356,bout_0356,Session10/2026_03_02_16_24_53,train,399,0.4975,3.744969367980957,3.079200029373169,7.5275766190572,2,2,1,2,3,1
357,bout_0357,Session10/2026_03_02_16_24_53,train,306,0.38125,3.664003610610962,3.359937906265259,9.610501273733671,2,2,2,2,4,2
358,bout_0358,Session10/2026_03_02_16_24_53,train,291,0.3625,6.819190979003906,6.6389875411987305,18.811561321390087,4,3,3,3,3,3
359,bout_0359,Session10/2026_03_02_16_24_53,train,300,0.37375,4.278937339782715,3.974055290222168,11.448661778682848,3,4,3,3,2,1
360,bout_0360,Session10/2026_03_02_16_24_53,train,247,0.3075,6.0227766036987305,5.514698028564453,19.58626537788205,3,3,3,3,3,3
361,bout_0361,Session10/2026_03_02_16_24_53,train,335,0.4175,6.502634048461914,5.954864978790283,15.57517137356147,4,4,3,4,3,3
362,bout_0362,Session10/2026_03_02_16_24_53,train,197,0.245,4.828991413116455,4.3977885246276855,19.710169033128388,3,3,2,3,3,2
363,bout_0363,Session10/2026_03_02_16_24_53,train,317,0.395,6.094927787780762,5.791271209716797,15.430196931090535,3,4,4,3,3,4
364,bout_0364,Session10/2026_03_02_16_24_53,train,160,0.19875,4.322012901306152,4.251962661743164,21.745976861917747,2,2,2,2,2,2
365,bout_0365,Session10/2026_03_02_16_24_53,train,241,0.3,4.541303634643555,4.3836493492126465,15.137678782145183,2,3,2,3,2,2
366,bout_0366,Session10/2026_03_02_16_24_53,train,428,0.53375,13.663248062133789,12.238229751586914,25.59859121711249,7,6,6,6,7,6
367,bout_0367,Session10/2026_03_02_16_24_53,train,341,0.425,6.051109313964844,5.557695388793945,14.237904268152574,4,3,3,4,2,2
368,bout_0368,Session10/2026_03_02_16_24_53,train,241,0.3,7.447842597961426,7.1364874839782715,24.826141993204754,3,4,4,3,4,3
369,bout_0369,Session10/2026_03_02_16_24_53,train,202,0.25125,4.352038383483887,4.157310485839844,17.321545804910993,2,3,3,2,2,3
370,bout_0370,Session10/2026_03_02_16_24_53,train,457,0.57,11.939922332763672,11.00974178314209,20.947232162743287,6,6,5,6,5,5
371,bout_0371,Session10/2026_03_02_16_24_53,train,364,0.45375,8.135059356689453,7.204362392425537,17.92850546928805,4,5,5,4,4,4
372,bout_0372,Session10/2026_03_02_16_24_53,train,359,0.4475,9.072303771972656,8.523197174072266,20.27330451837465,5,4,4,5,5,4
373,bout_0373,Session10/2026_03_02_16_24_53,train,264,0.32875,4.785697937011719,4.656451225280762,14.557256082164924,2,3,3,3,2,3
374,bout_0374,Session10/2026_03_02_16_24_53,train,280,0.34875,5.592437744140625,5.194286346435547,16.03566378248208,3,4,3,3,4,3
375,bout_0375,Session10/2026_03_02_16_37_14,train,237,0.295,7.915454864501953,7.467977523803711,26.832050388142214,3,3,3,3,3,3
376,bout_0376,Session10/2026_03_02_16_37_14,train,406,0.50625,9.025644302368164,7.819162368774414,17.82843318986304,5,5,4,5,4,4
377,bout_0377,Session10/2026_03_02_16_37_14,train,339,0.4225,3.5511701107025146,3.0800375938415527,8.405136356692342,2,2,2,2,2,2
378,bout_0378,Session10/2026_03_02_16_37_14,train,461,0.575,12.218757629394531,11.416950225830078,21.25001326851223,6,5,5,6,5,5
379,bout_0379,Session10/2026_03_02_16_37_14,train,211,0.2625,2.4315686225891113,2.2395496368408203,9.263118562244234,1,2,2,1,1,1
380,bout_0380,Session10/2026_03_02_16_37_14,train,342,0.42625,5.030928611755371,4.720574855804443,11.802765071566853,3,3,3,3,3,2
381,bout_0381,Session10/2026_03_02_16_37_14,train,177,0.22,4.225646495819092,4.114793300628662,19.20748407190496,2,3,2,2,3,2
382,bout_0382,Session10/2026_03_02_16_37_14,train,291,0.3625,7.193341255187988,6.968747615814209,19.843700014311693,5,3,3,4,3,3
383,bout_0383,Session10/2026_03_02_16_37_14,train,262,0.32625,6.287886619567871,5.894536018371582,19.273215692162058,3,3,3,3,3,3
384,bout_0384,Session10/2026_03_02_16_37_14,train,188,0.23375,6.910799026489258,6.633429527282715,29.564915621344415,3,3,3,3,3,3
385,bout_0385,Session10/2026_03_02_16_37_14,train,217,0.27,3.810858726501465,3.582949161529541,14.114291579635054,2,2,2,2,2,3
386,bout_0386,Session10/2026_03_02_16_37_14,train,239,0.2975,5.935911178588867,5.802308559417725,19.952642617105436,3,3,3,3,3,3
387,bout_0387,Session10/2026_03_02_16_37_14,train,389,0.485,13.762680053710938,13.534516334533691,28.376659904558636,6,6,6,6,6,6
388,bout_0388,Session10/2026_03_02_16_37_14,train,172,0.21375,5.3781843185424805,5.255843162536621,25.161096227099325,2,3,2,2,3,2
389,bout_0389,Session10/2026_03_02_16_37_14,train,207,0.2575,3.5729002952575684,3.4068567752838135,13.875340952456575,1,2,2,2,1,2
390,bout_0390,Session10/2026_03_02_16_37_14,train,300,0.37375,7.361601829528809,7.09291934967041,19.696593523822898,3,4,3,3,3,3
391,bout_0391,Session10/2026_03_02_16_37_14,train,265,0.33,4.928045272827148,4.5455451011657715,14.933470523718631,2,3,3,3,2,2
392,bout_0392,Session10/2026_03_02_16_37_14,train,153,0.19,2.841635227203369,2.8038737773895264,14.955974880017733,2,1,1,2,2,1
393,bout_0393,Session10/2026_03_02_16_37_14,train,256,0.31875,7.003838062286377,6.891937732696533,21.97282529344746,3,4,4,3,3,4
394,bout_0394,Session10/2026_03_02_16_37_14,train,145,0.18,4.939714431762695,4.877699851989746,27.442857954237198,2,2,2,2,2,2
395,bout_0395,Session10/2026_03_02_16_37_14,train,222,0.27625,5.095766067504883,4.940521717071533,18.446212009067448,3,2,2,4,2,2
396,bout_0396,Session10/2026_03_02_16_37_14,train,238,0.29625,4.405296325683594,4.28685998916626,14.870198567708332,2,3,3,2,2,2
397,bout_0397,Session10/2026_03_02_16_37_14,train,194,0.24125,4.689273834228516,4.385481357574463,19.437404494211464,2,2,2,2,3,2
398,bout_0398,Session10/2026_03_02_16_37_14,train,189,0.235,3.2949066162109375,3.0413401126861572,14.020879217918884,2,2,2,2,2,2
399,bout_0399,Session10/2026_03_02_16_37_14,train,168,0.20875,3.408071994781494,3.2115790843963623,16.326093388174822,2,2,1,2,4,1
400,bout_0400,Session10/2026_03_02_16_37_14,train,265,0.33,9.077672958374023,8.983526229858398,27.508099873860676,3,4,4,4,3,4
401,bout_0401,Session10/2026_03_02_16_37_14,train,274,0.34125,6.252264976501465,5.810681343078613,18.321655608795503,3,4,4,3,3,3
402,bout_0402,Session10/2026_03_02_16_37_14,train,184,0.22875,5.850764274597168,5.744510650634766,25.57711158293844,2,3,3,2,2,3
403,bout_0403,Session10/2026_03_02_16_37_14,train,183,0.2275,3.2749266624450684,3.019639492034912,14.395282032725575,2,2,2,2,2,1
404,bout_0404,Session10/2026_03_02_16_37_14,train,261,0.325,3.8375680446624756,3.7069764137268066,11.80790167588454,3,3,3,2,3,3
405,bout_0405,Session10/2026_03_02_16_37_14,train,247,0.3075,5.644739151000977,5.362143039703369,18.356875287808055,3,3,3,3,3,3
406,bout_0406,Session10/2026_03_02_16_37_14,train,222,0.27625,5.231431007385254,5.141016960144043,18.937306814064268,3,2,2,3,3,2
407,bout_0407,Session10/2026_03_02_16_37_14,train,220,0.27375,3.0420045852661133,2.8507211208343506,11.11234551695384,2,3,1,2,3,1
408,bout_0408,Session10/2026_03_02_16_37_14,train,452,0.56375,9.119383811950684,8.01874828338623,16.176290575522277,5,5,6,5,5,5
409,bout_0409,Session10/2026_03_02_16_37_14,train,190,0.23625,5.692268371582031,5.5922956466674805,24.09425765749008,3,2,2,3,3,2
410,bout_0410,Session10/2026_03_02_16_37_14,train,204,0.25375,6.346407413482666,6.229092121124268,25.010472565448932,2,3,3,2,4,3
411,bout_0411,Session10/2026_03_02_16_37_14,train,231,0.2875,5.405038833618164,5.177518367767334,18.800135073454484,3,3,3,3,3,3
412,bout_0412,Session10/2026_03_02_16_37_14,train,814,1.01625,11.505130767822266,7.754062175750732,11.32116188715598,6,6,6,6,5,6
413,bout_0413,Session10/2026_03_02_16_37_14,train,471,0.5875,8.670751571655273,4.694876194000244,14.758726079413231,6,4,4,5,5,4
414,bout_0414,Session10/2026_03_02_16_37_14,train,194,0.24125,5.64308500289917,5.541870594024658,23.391025918753037,2,3,2,3,3,2
415,bout_0415,Session10/2026_03_02_16_37_14,train,157,0.195,4.914779186248779,4.757381439208984,25.203995826916817,2,2,2,2,2,2
416,bout_0416,Session10/2026_03_02_16_37_14,train,283,0.3525,5.207862377166748,4.981439113616943,14.774077665721272,4,3,3,4,3,3
417,bout_0417,Session10/2026_03_02_16_37_14,train,390,0.48625,11.506319046020508,9.804241180419922,23.66338107150747,5,5,5,5,5,5
418,bout_0418,Session10/2026_03_02_16_37_14,train,163,0.2025,4.153753280639648,4.102416038513184,20.512361879701967,1,2,2,2,2,2
419,bout_0419,Session10/2026_03_02_16_37_14,train,306,0.38125,6.115889072418213,5.822658061981201,16.041676255523182,4,4,3,3,3,4
420,bout_0420,Session10/2026_03_02_16_37_14,train,217,0.27,4.430012226104736,4.180856227874756,16.4074526892768,2,2,2,2,2,2
421,bout_0421,Session10/2026_03_02_16_37_14,train,151,0.1875,4.7779130935668945,4.651154041290283,25.482203165690105,2,2,2,2,2,3
422,bout_0422,Session10/2026_03_02_16_37_14,train,244,0.30375,5.619021415710449,5.459527492523193,18.498835936495304,3,3,3,3,4,3
423,bout_0423,Session10/2026_03_02_16_37_14,train,287,0.3575,7.710071086883545,7.304143905639648,21.566632410863065,4,3,3,4,4,3
424,bout_0424,Session10/2026_03_02_16_37_14,train,342,0.42625,6.880129814147949,6.669423580169678,16.14106701266381,4,4,4,4,4,4
425,bout_0425,Session10/2026_03_02_16_37_14,train,239,0.2975,5.379210472106934,5.1993231773376465,18.08137973817457,3,3,2,3,3,2
426,bout_0426,Session10/2026_03_02_16_37_14,train,190,0.23625,4.448878765106201,4.301455020904541,18.831232868174396,3,2,2,3,2,4
427,bout_0427,Session10/2026_03_02_16_37_14,train,250,0.31125,6.130014419555664,5.914892673492432,19.694825444355544,3,3,3,3,3,3
428,bout_0428,Session10/2026_03_02_16_37_14,train,314,0.39125,9.689508438110352,9.484957695007324,24.765516774722943,5,4,4,5,5,4
429,bout_0429,Session10/2026_03_02_16_37_14,train,240,0.29875,5.030207633972168,4.820125102996826,16.83751509279387,2,3,3,2,2,3
430,bout_0430,Session10/2026_03_02_16_37_14,train,186,0.23125,3.333803176879883,3.251523971557617,14.416446170291385,2,2,2,2,2,2
431,bout_0431,Session10/2026_03_02_16_37_14,train,262,0.32625,4.518583297729492,4.291257858276367,13.850063747829862,3,3,3,3,3,3
432,bout_0432,Session10/2026_03_02_16_37_14,train,313,0.39,4.759593963623047,4.541895866394043,12.20408708621294,3,3,3,3,4,2
433,bout_0433,Session10/2026_03_02_16_37_14,train,290,0.36125,8.465743064880371,8.209447860717773,23.43458287856158,4,5,4,4,4,4
434,bout_0434,Session10/2026_03_02_16_37_14,train,181,0.225,5.505549907684326,5.312559604644775,24.469110700819225,2,3,3,2,2,3
435,bout_0435,Session10/2026_03_02_16_37_14,train,210,0.26125,5.745127201080322,5.520359516143799,21.99091751609693,3,3,3,3,3,3
436,bout_0436,Session10/2026_03_02_16_37_14,train,236,0.29375,5.896663665771484,5.67609167098999,20.07374864943484,3,3,2,3,3,2
437,bout_0437,Session10/2026_03_02_16_37_14,train,264,0.32875,4.645255088806152,4.481669902801514,14.130053502071947,3,4,3,3,2,2
438,bout_0438,Session10/2026_03_02_16_37_14,train,249,0.31,5.789638519287109,5.644534111022949,18.676253288022934,3,3,3,3,4,3
439,bout_0439,Session10/2026_03_02_16_37_14,train,538,0.67125,14.398728370666504,13.95376968383789,21.450619546616764,8,7,7,8,8,7
440,bout_0440,Session10/2026_03_02_16_37_14,train,376,0.46875,5.383552074432373,5.09092903137207,11.484911092122395,4,3,2,3,3,3
441,bout_0441,Session10/2026_03_02_16_37_14,train,259,0.3225,9.027214050292969,8.825848579406738,27.99136139625727,4,3,4,4,4,4
442,bout_0442,Session10/2026_03_02_16_37_14,train,267,0.3325,8.174327850341797,8.018340110778809,24.584444662682095,4,4,3,4,4,3
443,bout_0443,Session10/2026_03_02_16_37_14,train,599,0.7475,16.800724029541016,15.672796249389648,22.47588498935253,8,8,8,8,8,7
444,bout_0444,Session10/2026_03_02_16_37_14,train,216,0.26875,5.736363410949707,5.472297668457031,21.344608040743097,3,3,3,3,4,3
445,bout_0445,Session10/2026_03_02_16_37_14,train,180,0.22375,4.144740104675293,3.382840394973755,18.523978121453823,2,3,2,2,5,3
446,bout_0446,Session10/2026_03_02_16_37_14,train,209,0.26,5.529006004333496,5.265355587005615,21.265407708974983,3,3,2,3,3,3
447,bout_0447,Session10/2026_03_02_16_37_14,train,149,0.185,4.606259346008301,4.507920742034912,24.89869916761244,2,3,2,2,2,2
448,bout_0448,Session10/2026_03_02_16_37_14,train,153,0.19,3.5941004753112793,3.5227439403533936,18.916318291111995,1,2,2,1,1,2
449,bout_0449,Session10/2026_03_02_16_37_14,train,292,0.36375,3.2046988010406494,2.8444504737854004,8.81016852519766,2,2,2,2,7,1
450,bout_0450,Session10/2026_03_02_16_37_14,train,616,0.76875,8.040775299072266,6.499866008758545,10.459545104484247,5,5,4,5,5,4
451,bout_0451,Session10/2026_03_02_16_37_14,train,629,0.785,12.823959350585938,10.981707572937012,16.336253949791004,7,7,7,7,7,7
452,bout_0452,Session10/2026_03_02_16_37_14,train,408,0.50875,6.661579608917236,6.433058261871338,13.094013973301692,4,7,4,4,4,3
453,bout_0453,Session10/2026_03_02_16_37_14,train,208,0.25875,5.871233940124512,5.691976070404053,22.690759188887004,3,2,2,3,3,3
454,bout_0454,Session10/2026_03_02_16_37_14,train,312,0.38875,4.036309242248535,3.8093819618225098,10.382789047584657,3,3,3,3,3,2
455,bout_0455,Session10/2026_03_02_16_37_14,train,184,0.22875,6.5092058181762695,6.41343879699707,28.45554456033342,3,2,2,3,3,2
456,bout_0456,Session10/2026_03_02_16_37_14,train,200,0.24875,3.6308603286743164,3.3980154991149902,14.596423431856548,2,2,2,2,2,2
457,bout_0457,Session10/2026_03_02_16_37_14,train,178,0.22125,4.509140491485596,4.400330066680908,20.380296006714556,2,2,2,2,2,2
458,bout_0458,Session10/2026_03_02_16_37_14,train,273,0.34,8.13606071472168,8.013866424560547,23.929590337416702,4,3,3,4,4,3
459,bout_0459,Session10/2026_03_02_16_37_14,train,162,0.20125,5.332556247711182,5.256346225738525,26.497173901670465,2,2,2,2,2,2
460,bout_0460,Session10/2026_03_02_16_37_14,train,453,0.565,9.83155345916748,8.773754119873047,17.400979573747755,6,5,5,6,6,5
461,bout_0461,Session10/2026_03_02_16_37_14,train,149,0.185,4.069089889526367,4.007876396179199,21.99508048392631,2,2,2,2,2,2
462,bout_0462,Session10/2026_03_02_16_37_14,train,289,0.36,6.34279727935791,6.0528082847595215,17.61888133154975,3,2,3,3,3,3
463,bout_0463,Session10/2026_03_02_16_37_14,train,265,0.33,6.014186859130859,5.78342342376709,18.224808664032906,3,3,3,3,3,3
464,bout_0464,Session10/2026_03_02_17_05_38,test,697,0.87,10.30662727355957,9.708321571350098,11.846698015585712,6,6,7,7,6,5
465,bout_0465,Session10/2026_03_02_17_05_38,test,248,0.30875,5.763571739196777,5.540134429931641,18.667438831406564,3,3,3,3,3,3
466,bout_0466,Session10/2026_03_02_17_05_38,test,353,0.44,3.90323805809021,3.3846237659454346,8.87099558656866,2,3,3,2,3,3
467,bout_0467,Session10/2026_03_02_17_05_38,test,244,0.30375,9.146337509155273,8.830751419067383,30.11139920709555,4,3,3,4,6,4
468,bout_0468,Session10/2026_03_02_17_05_38,test,163,0.2025,5.8288702964782715,5.674483776092529,28.78454467396677,2,2,2,2,4,2
469,bout_0469,Session10/2026_03_02_17_05_38,test,191,0.2375,7.6682329177856445,7.498252868652344,32.28729649593956,3,3,3,3,3,4
470,bout_0470,Session10/2026_03_02_17_05_38,test,158,0.19625,3.5762436389923096,3.3815784454345703,18.222897523527692,2,2,2,2,2,2
471,bout_0471,Session10/2026_03_02_17_05_38,test,276,0.34375,7.704153060913086,7.427695274353027,22.41208163174716,3,4,4,3,3,4
472,bout_0472,Session10/2026_03_02_17_05_38,test,264,0.32875,11.172600746154785,10.613483428955078,33.98509732670657,4,5,4,4,4,5
473,bout_0473,Session10/2026_03_02_17_05_38,test,139,0.1725,5.834604740142822,5.6788249015808105,33.82379559503086,2,2,2,2,3,2
474,bout_0474,Session10/2026_03_02_17_05_38,test,293,0.365,6.932572841644287,6.818936347961426,18.99335025108024,4,3,3,4,3,5
475,bout_0475,Session10/2026_03_02_17_05_38,test,614,0.76625,8.799324989318848,5.396448135375977,11.483621519502575,5,4,3,4,4,3
476,bout_0476,Session10/2026_03_02_17_05_38,test,164,0.20375,5.959375381469727,5.61409330368042,29.24846812991277,2,3,3,2,2,3
477,bout_0477,Session10/2026_03_02_17_05_38,test,414,0.51625,9.493782997131348,9.091401100158691,18.389894425436026,5,6,5,5,4,5
478,bout_0478,Session10/2026_03_02_17_05_38,test,194,0.24125,5.266339302062988,5.133988380432129,21.82938570803311,3,2,2,3,4,2
479,bout_0479,Session10/2026_03_02_17_05_38,test,159,0.1975,5.301063537597656,5.22658634185791,26.840828038469144,2,2,2,3,2,2
480,bout_0480,Session10/2026_03_02_17_05_38,test,409,0.51,4.441903114318848,3.9492008686065674,8.7096139496448,2,3,3,2,7,2
481,bout_0481,Session10/2026_03_02_17_05_38,test,531,0.6625,10.313241958618164,9.019021987915039,15.567157673385909,6,5,6,6,7,5
482,bout_0482,Session10/2026_03_02_17_05_38,test,293,0.365,6.436758995056152,6.173455715179443,17.634956150838775,3,3,4,3,3,3
483,bout_0483,Session10/2026_03_02_17_05_38,test,236,0.29375,6.541312217712402,6.3531174659729,22.268296911361368,3,3,3,3,2,4
484,bout_0484,Session10/2026_03_02_17_05_38,test,501,0.625,5.877365589141846,4.760988712310791,9.403784942626952,3,3,3,3,7,4
485,bout_0485,Session10/2026_03_02_17_05_38,test,602,0.75125,17.391101837158203,16.810829162597656,23.14955319422057,9,8,8,9,8,8
486,bout_0486,Session10/2026_03_02_17_05_38,test,386,0.48125,14.069448471069336,13.304166793823242,29.235217602221997,6,6,6,6,6,7
487,bout_0487,Session10/2026_03_02_17_05_38,test,260,0.32375,4.494539260864258,4.357376575469971,13.882746751704271,3,2,2,3,3,2
488,bout_0488,Session10/2026_03_02_17_05_38,test,187,0.2325,4.454935073852539,4.274489402770996,19.1610110703335,2,2,2,2,3,3
489,bout_0489,Session10/2026_03_02_17_05_38,test,347,0.4325,14.054425239562988,13.704440116882324,32.49578090072367,6,5,6,6,6,6
490,bout_0490,Session10/2026_03_02_17_05_38,test,215,0.2675,4.696593761444092,4.308896541595459,17.557359855865762,2,3,2,2,3,2
491,bout_0491,Session10/2026_03_02_17_19_29,train,129,0.16,5.528989315032959,5.425262451171875,34.556183218955994,2,2,2,2,2,2
492,bout_0492,Session10/2026_03_02_17_19_29,train,357,0.445,11.365684509277344,10.823843955993652,25.540864065791784,5,5,5,5,5,5
493,bout_0493,Session10/2026_03_02_17_19_29,train,253,0.315,6.701330184936523,6.030940532684326,21.274064079163566,3,3,3,3,3,3
494,bout_0494,Session10/2026_03_02_17_19_29,train,170,0.21125,5.608038902282715,5.494434356689453,26.546929714947762,2,3,2,2,2,2
495,bout_0495,Session10/2026_03_02_17_19_29,train,153,0.19,5.5620927810668945,5.426383972167969,29.274172531931022,2,3,2,2,2,2
496,bout_0496,Session10/2026_03_02_17_19_29,train,249,0.31,8.689371109008789,8.424561500549316,28.03022938389932,4,4,4,4,4,3
497,bout_0497,Session10/2026_03_02_17_19_29,train,235,0.2925,6.912010669708252,6.719486713409424,23.63080570840428,3,3,3,3,3,3
498,bout_0498,Session10/2026_03_02_17_19_29,train,192,0.23875,6.187049388885498,6.051011562347412,25.914342990096326,3,2,2,3,3,2
499,bout_0499,Session10/2026_03_02_17_19_29,train,345,0.43,10.288076400756836,9.869431495666504,23.925759071527526,5,4,4,5,5,4
500,bout_0500,Session10/2026_03_02_17_19_29,train,271,0.3375,8.27635383605957,7.99183464050293,24.522529884620948,4,4,4,4,4,3
501,bout_0501,Session10/2026_03_02_17_19_29,train,270,0.33625,3.2420501708984375,2.963864326477051,9.641784894865243,2,2,2,2,2,3
502,bout_0502,Session10/2026_03_02_17_19_29,train,194,0.24125,4.996626853942871,4.607310771942139,20.71140664846786,3,2,2,2,3,2
503,bout_0503,Session10/2026_03_02_17_19_29,train,231,0.2875,5.155799865722656,4.861955165863037,17.93321692425272,3,2,2,3,3,4
504,bout_0504,Session10/2026_03_02_17_19_29,train,163,0.2025,4.633944511413574,4.533049583435059,22.883676599573203,2,2,2,2,2,2
505,bout_0505,Session10/2026_03_02_17_19_29,train,331,0.4125,9.421760559082031,8.731762886047363,22.840631658380683,4,5,5,4,4,5
506,bout_0506,Session11/2026_03_03_13_25_13,train,291,0.3625,9.31838321685791,8.85805606842041,25.705884736159753,4,4,4,3,3,4
507,bout_0507,Session11/2026_03_03_13_25_13,train,167,0.2075,4.868261814117432,4.632241249084473,23.461502718638226,2,2,2,2,2,2
508,bout_0508,Session11/2026_03_03_13_25_13,train,409,0.51,11.609408378601074,10.464513778686523,22.76354584039426,6,5,5,5,5,4
509,bout_0509,Session11/2026_03_03_13_25_13,train,262,0.32625,4.059556484222412,3.814617156982422,12.443085009110842,1,2,2,2,2,3
510,bout_0510,Session11/2026_03_03_13_25_13,train,240,0.29875,5.393623352050781,5.220149517059326,18.053969379249477,3,3,3,3,3,5
511,bout_0511,Session11/2026_03_03_13_25_13,train,297,0.37,7.966050148010254,6.335793972015381,21.529865264892578,4,4,4,4,3,5
512,bout_0512,Session11/2026_03_03_13_25_13,train,197,0.245,5.397449016571045,5.11406135559082,22.03040414926957,2,3,3,2,2,4
513,bout_0513,Session11/2026_03_03_13_25_13,train,164,0.20375,4.052358150482178,3.975015878677368,19.888874358194737,2,2,2,2,3,2
514,bout_0514,Session11/2026_03_03_13_25_13,train,397,0.495,9.840751647949219,8.09902286529541,19.88030635949337,5,5,5,4,5,6
515,bout_0515,Session11/2026_03_03_13_25_13,train,240,0.29875,5.062224864959717,4.930826663970947,16.944685740450932,3,2,2,3,3,4
516,bout_0516,Session11/2026_03_03_13_25_13,train,275,0.3425,7.886675834655762,7.407077789306641,23.02679075811901,4,3,3,4,5,4
517,bout_0517,Session11/2026_03_03_13_25_13,train,408,0.50875,10.122279167175293,9.767450332641602,19.89637182737158,5,5,5,5,6,9
518,bout_0518,Session11/2026_03_03_13_25_13,train,151,0.1875,3.888995409011841,3.8089091777801514,20.741308848063152,2,2,2,2,2,2
519,bout_0519,Session11/2026_03_03_13_25_13,train,183,0.2275,3.86094331741333,3.548279285430908,16.97117941720145,3,3,3,2,4,2
520,bout_0520,Session11/2026_03_03_13_25_13,train,244,0.30375,5.012850761413574,4.695460796356201,16.503212383254564,3,3,3,3,3,3
521,bout_0521,Session11/2026_03_03_13_37_35,train,249,0.31,6.422385215759277,6.308025360107422,20.717371663739605,3,3,3,3,4,4
522,bout_0522,Session11/2026_03_03_13_37_35,train,230,0.28625,6.2239089012146,6.048907279968262,21.74291319201607,2,3,3,2,2,3
523,bout_0523,Session11/2026_03_03_13_37_35,train,256,0.31875,5.35847282409668,5.120573043823242,16.810895134420957,3,3,2,3,3,3
524,bout_0524,Session11/2026_03_03_13_37_35,train,189,0.235,5.701529026031494,5.322721481323242,24.26182564268721,2,3,3,2,2,3
525,bout_0525,Session11/2026_03_03_13_37_35,train,187,0.2325,4.324790000915527,4.076770782470703,18.601247315765708,2,2,2,2,2,3
526,bout_0526,Session11/2026_03_03_13_37_35,train,239,0.2975,4.845734596252441,4.44127893447876,16.28818351681493,3,3,2,2,3,5
527,bout_0527,Session11/2026_03_03_13_37_35,train,399,0.4975,10.525508880615234,9.38835620880127,21.15680177008087,6,5,5,5,6,7
528,bout_0528,Session11/2026_03_03_13_37_35,train,311,0.3875,4.0123138427734375,3.877732753753662,10.354358303931452,3,2,2,3,3,2
529,bout_0529,Session11/2026_03_03_13_37_35,train,344,0.42875,5.6908369064331055,5.406252384185791,13.273088994596163,3,2,3,3,3,4
530,bout_0530,Session11/2026_03_03_13_37_35,train,387,0.4825,8.50790023803711,8.141632080078125,17.63295386121681,4,5,5,4,4,5
531,bout_0531,Session11/2026_03_03_13_37_35,train,205,0.255,7.406510829925537,7.322849273681641,29.04514050951191,3,3,3,3,3,5
532,bout_0532,Session11/2026_03_03_13_37_35,train,179,0.2225,3.1497716903686523,3.0464026927948,14.156277260083831,2,2,2,2,1,1
533,bout_0533,Session11/2026_03_03_13_37_35,train,325,0.405,3.0194644927978516,2.636491298675537,7.455467883451485,4,3,2,2,1,3
534,bout_0534,Session11/2026_03_03_13_37_35,train,205,0.255,3.803079605102539,3.5986948013305664,14.914037667068781,2,3,2,2,3,3
535,bout_0535,Session11/2026_03_03_13_37_35,train,370,0.46125,10.613173484802246,10.39710807800293,23.00959021095338,5,5,5,5,5,7
536,bout_0536,Session11/2026_03_03_13_37_35,train,218,0.27125,4.502930641174316,4.2109599113464355,16.600665958246328,2,3,3,2,2,4
537,bout_0537,Session11/2026_03_03_13_37_35,train,245,0.305,7.242435455322266,6.888494968414307,23.745690017450052,4,3,3,4,4,5
538,bout_0538,Session11/2026_03_03_13_37_35,train,262,0.32625,5.660233974456787,4.883505821228027,17.349376166917356,4,3,3,2,2,6
539,bout_0539,Session11/2026_03_03_13_53_33,validation,164,0.20375,5.0365800857543945,4.5490193367004395,24.71941146382525,2,2,3,2,2,2
540,bout_0540,Session11/2026_03_03_13_53_33,validation,384,0.47875,7.755682945251465,7.040644645690918,16.19985993786207,3,4,4,3,3,4
541,bout_0541,Session11/2026_03_03_13_53_33,validation,592,0.73875,14.788646697998047,13.570627212524414,20.01847268764541,7,6,6,9,8,6
542,bout_0542,Session11/2026_03_03_13_53_33,validation,266,0.33125,4.962549686431885,4.829315185546875,14.9812820722472,3,3,2,2,4,2
543,bout_0543,Session11/2026_03_03_13_53_33,validation,318,0.39625,7.005542278289795,6.45455265045166,17.679601964138286,3,3,3,3,3,3
544,bout_0544,Session11/2026_03_03_13_53_33,validation,333,0.415,6.7418622970581055,6.590230941772461,16.245451318212304,3,3,3,3,4,3
545,bout_0545,Session11/2026_03_03_13_53_33,validation,302,0.37625,6.048362731933594,5.9353508949279785,16.075382676235467,3,3,3,3,5,3
546,bout_0546,Session11/2026_03_03_13_53_33,validation,410,0.51125,9.031248092651367,8.882216453552246,17.665032944061355,4,4,4,4,4,6
547,bout_0547,Session11/2026_03_03_13_53_33,validation,351,0.4375,10.647130966186523,10.346437454223633,24.336299351283483,5,5,4,5,5,5
548,bout_0548,Session11/2026_03_03_13_53_33,validation,244,0.30375,5.365983963012695,5.1688551902771,17.66579082473315,2,3,3,2,2,2
549,bout_0549,Session11/2026_03_03_13_53_33,validation,390,0.48625,9.032955169677734,8.635713577270508,18.57677155717786,4,4,4,5,5,4
550,bout_0550,Session11/2026_03_03_13_53_33,validation,390,0.48625,6.952277183532715,6.81190824508667,14.297742279758797,4,4,4,3,3,4
551,bout_0551,Session11/2026_03_03_13_53_33,validation,308,0.38375,4.176599502563477,3.47074294090271,10.883646912217529,3,3,2,3,2,4
552,bout_0552,Session11/2026_03_03_13_53_33,validation,209,0.26,3.437757968902588,3.2751166820526123,13.222146034240723,2,2,2,2,3,2
553,bout_0553,Session11/2026_03_03_13_53_33,validation,378,0.47125,10.066940307617188,9.68437671661377,21.362207549320292,5,4,4,5,5,5
554,bout_0554,Session11/2026_03_03_14_10_44,train,315,0.3925,4.010107040405273,3.714857339859009,10.21683322396248,3,3,2,3,5,2
555,bout_0555,Session11/2026_03_03_14_10_44,train,169,0.21,5.645530700683594,5.573652744293213,26.883479527064733,3,3,4,2,2,3
556,bout_0556,Session11/2026_03_03_14_10_44,train,273,0.34,7.5713324546813965,7.196031093597412,22.268624866709988,3,4,4,3,5,5
557,bout_0557,Session11/2026_03_03_14_10_44,train,132,0.16375,6.2262864112854,5.651771545410156,38.02312312235359,2,3,2,3,2,5
558,bout_0558,Session11/2026_03_03_14_10_44,train,184,0.22875,5.713799476623535,5.298166275024414,24.97835836775316,2,3,2,3,4,3
559,bout_0559,Session11/2026_03_03_14_10_44,train,179,0.2225,4.547568321228027,4.415232181549072,20.43850930889001,2,2,2,2,3,2
560,bout_0560,Session11/2026_03_03_14_10_44,train,285,0.355,8.006803512573242,7.825860023498535,22.554376091755614,3,4,4,3,4,4
561,bout_0561,Session11/2026_03_03_14_10_44,train,350,0.43625,4.177610874176025,3.912365674972534,9.576185384930717,2,3,2,3,3,4
562,bout_0562,Session11/2026_03_03_14_10_44,train,154,0.19125,5.20682954788208,5.115489959716797,27.225252537945515,2,2,2,2,4,2
563,bout_0563,Session11/2026_03_03_14_10_44,train,181,0.225,4.686988353729248,4.4420247077941895,20.83105934990777,2,2,3,2,5,2
564,bout_0564,Session11/2026_03_03_14_27_48,train,192,0.23875,5.715364456176758,5.173796653747559,23.938699292886945,3,2,2,3,3,2
565,bout_0565,Session11/2026_03_03_14_27_48,train,146,0.18125,3.2341184616088867,2.9942238330841064,17.843412201980065,2,1,1,2,2,2
566,bout_0566,Session11/2026_03_03_14_27_48,train,313,0.39,5.96260929107666,5.508738994598389,15.288741771991436,3,3,4,3,4,3
567,bout_0567,Session11/2026_03_03_14_27_48,train,288,0.35875,6.965500831604004,6.463332653045654,19.4160301926244,3,3,2,3,4,4
568,bout_0568,Session11/2026_03_03_14_27_48,train,231,0.2875,5.730227470397949,5.12655782699585,19.931225983992867,3,3,3,2,3,3
569,bout_0569,Session11/2026_03_03_14_27_48,train,260,0.32375,4.949178695678711,4.783073902130127,15.287038442250845,3,2,2,3,3,4
570,bout_0570,Session11/2026_03_03_14_32_16,train,267,0.3325,8.522971153259277,7.752570629119873,25.63299594965196,4,3,3,4,4,3
571,bout_0571,Session11/2026_03_03_14_32_16,train,147,0.1825,4.000300407409668,3.803117513656616,21.919454287176265,2,2,2,2,2,2
572,bout_0572,Session11/2026_03_03_14_32_16,train,325,0.405,4.062373638153076,3.6929757595062256,10.030552192970557,2,3,3,2,2,4
573,bout_0573,Session11/2026_03_03_14_32_16,train,334,0.41625,7.4198808670043945,6.543173789978027,17.825539620430977,4,3,3,4,4,3
574,bout_0574,Session11/2026_03_03_14_32_16,train,130,0.16125,2.773388147354126,2.41914701461792,17.199306340180627,2,1,1,2,3,1
575,bout_0575,Session11/2026_03_03_14_32_16,train,308,0.38375,6.516837120056152,6.1564764976501465,16.981985980602353,3,4,3,3,3,6
576,bout_0576,Session11/2026_03_03_14_32_16,train,270,0.33625,5.49302339553833,5.218213081359863,16.336129057363063,3,2,2,4,3,3
577,bout_0577,Session11/2026_03_03_14_32_16,train,363,0.4525,9.099218368530273,8.819355964660645,20.108769875205024,4,3,4,5,4,9
578,bout_0578,Session11/2026_03_03_14_32_16,train,309,0.385,3.617948055267334,2.796773672103882,9.39726767601905,3,2,3,2,3,2
579,bout_0579,Session11/2026_03_03_14_32_16,train,555,0.6925,8.290350914001465,7.33757209777832,11.971625868594172,5,4,4,5,5,4
580,bout_0580,Session11/2026_03_03_14_32_16,train,859,1.0725,9.671944618225098,6.537353992462158,9.018130180163261,5,5,4,5,6,5
581,bout_0581,Session11/2026_03_03_14_32_16,train,358,0.44625,6.603713035583496,6.270835876464844,14.798236494304755,4,3,3,3,4,3
582,bout_0582,Session11/2026_03_03_14_32_16,train,301,0.375,5.806682586669922,5.587410926818848,15.484486897786459,2,4,4,2,4,3
583,bout_0583,Session11/2026_03_03_14_32_16,train,368,0.45875,6.326961517333984,5.5849080085754395,13.791741727158549,3,4,4,3,4,6
584,bout_0584,Session11/2026_03_03_14_32_16,train,189,0.235,4.292361259460449,4.139903545379639,18.265367061533826,2,2,2,3,3,4
585,bout_0585,Session11/2026_03_03_14_32_16,train,236,0.29375,3.1640357971191406,3.05267596244812,10.77118569232048,3,4,2,2,4,2
586,bout_0586,Session11/2026_03_03_14_32_16,train,667,0.8325,12.718932151794434,10.484397888183594,15.277996578732052,7,7,7,7,7,9
587,bout_0587,Session11/2026_03_03_14_32_16,train,357,0.445,5.885260581970215,5.652949810028076,13.225304678584752,4,3,3,4,4,4
588,bout_0588,Session11/2026_03_03_14_32_16,train,232,0.28875,4.274499893188477,4.064816951751709,14.803462833553166,3,2,2,4,3,3
589,bout_0589,Session11/2026_03_03_14_32_16,train,256,0.31875,4.086987495422363,3.4672582149505615,12.821921554266238,3,3,3,2,2,4
590,bout_0590,Session11/2026_03_03_14_32_16,train,348,0.43375,8.532317161560059,8.202228546142578,19.67104821108947,4,4,4,4,5,4
591,bout_0591,Session11/2026_03_03_14_49_28,train,246,0.30625,4.055580139160156,3.8768534660339355,13.242710658482142,2,2,2,3,2,5
592,bout_0592,Session11/2026_03_03_14_49_28,train,489,0.61,6.520719051361084,5.969366550445557,10.689703362887023,4,3,3,3,3,3
593,bout_0593,Session11/2026_03_03_14_49_28,train,168,0.20875,4.168675422668457,4.0059075355529785,19.96970262356147,2,2,2,2,2,3
594,bout_0594,Session11/2026_03_03_14_49_28,train,145,0.18,4.543227195739746,4.460936546325684,25.240151087443035,2,3,2,2,3,3
595,bout_0595,Session11/2026_03_03_14_49_28,train,147,0.1825,3.9610180854797363,3.8406782150268555,21.7042086875602,2,2,2,3,2,3
596,bout_0596,Session11/2026_03_03_14_49_28,train,180,0.22375,5.0127763748168945,4.869349479675293,22.403469831583887,3,2,2,3,4,4
597,bout_0597,Session11/2026_03_03_14_49_28,train,184,0.22875,5.048221588134766,4.948702335357666,22.06872825414105,2,3,3,2,4,3
598,bout_0598,Session11/2026_03_03_14_49_28,train,264,0.32875,5.4993977546691895,5.2093586921691895,16.728206097853047,3,3,3,3,5,3
599,bout_0599,Session11/2026_03_03_14_49_28,train,384,0.47875,6.834693431854248,6.597837448120117,14.276122050870491,4,5,4,4,6,6
600,bout_0600,Session11/2026_03_03_14_49_28,train,220,0.27375,3.504183292388916,2.753810405731201,12.800669561238049,2,3,2,2,4,2
601,bout_0601,Session11/2026_03_03_14_49_28,train,206,0.25625,3.7412962913513184,3.646049976348877,14.600180649175877,2,2,2,2,2,2
602,bout_0602,Session11/2026_03_03_14_49_28,train,464,0.57875,8.46663761138916,7.405118465423584,14.629179458123819,6,5,5,5,6,7
603,bout_0603,Session11/2026_03_03_14_49_28,train,346,0.43125,6.363808631896973,5.793086528778076,14.7566576971524,4,4,4,5,3,6
604,bout_0604,Session11/2026_03_03_14_49_28,train,250,0.31125,3.8079679012298584,3.2770276069641113,12.234435024031672,3,2,2,3,3,4
605,bout_0605,Session11/2026_03_03_14_49_28,train,308,0.38375,5.065670967102051,4.932546138763428,13.20044551687831,3,3,3,2,6,3
606,bout_0606,Session11/2026_03_03_14_49_28,train,213,0.265,5.072919845581055,4.972242832183838,19.14309375690964,2,3,3,2,2,5
607,bout_0607,Session11/2026_03_03_14_49_28,train,386,0.48125,5.987883567810059,5.51369571685791,12.442355465579343,5,4,4,4,3,6
608,bout_0608,202607/2026_07_07_12_31_27,train,196,0.24375,4.227973937988281,4.057926654815674,17.345534104567307,2,2,2,2,1,2
609,bout_0609,202607/2026_07_07_12_31_27,train,296,0.36875,4.011348724365234,3.7184338569641113,10.878233828787076,3,3,4,2,5,1
610,bout_0610,202607/2026_07_07_18_11_16,train,289,0.36,11.729022979736328,11.476752281188965,32.58061938815647,5,4,4,5,5,4
611,bout_0611,202607/2026_07_07_18_11_16,train,428,0.53375,13.44888687133789,12.073473930358887,25.19697774489535,7,6,6,6,6,6
612,bout_0612,202607/2026_07_07_18_11_16,train,196,0.24375,6.546318531036377,6.201879024505615,26.85669140938001,3,3,3,3,3,3
613,bout_0613,202607/2026_07_07_18_11_16,train,245,0.305,10.70837116241455,9.928190231323242,35.10941364726082,4,4,5,4,4,4
614,bout_0614,202607/2026_07_07_18_11_16,train,242,0.30125,8.904674530029297,8.793033599853516,29.559085576860735,3,4,4,3,3,3
615,bout_0615,202607/2026_07_07_18_11_16,train,175,0.2175,4.998407363891602,4.82094669342041,22.981183282260236,3,2,2,2,4,2
616,bout_0616,202607/2026_07_07_18_11_16,train,169,0.21,5.029775142669678,4.924346923828125,23.951310203188942,2,2,2,2,3,2
617,bout_0617,202607/2026_07_07_18_11_16,train,199,0.2475,8.374296188354492,8.174880027770996,33.835540154967646,3,3,3,3,3,3
618,bout_0618,202607/2026_07_07_18_11_16,train,136,0.16875,5.414187908172607,5.3192009925842285,32.08407649287471,2,2,2,2,2,2
619,bout_0619,202607/2026_07_07_18_11_16,train,299,0.3725,10.094337463378906,9.88914966583252,27.098892519138005,4,4,4,4,5,4
620,bout_0620,202607/2026_07_07_18_11_16,train,161,0.2,7.328556537628174,6.895473957061768,36.64278268814087,2,3,3,2,2,3
621,bout_0621,202607/2026_07_07_18_11_16,train,219,0.2725,4.0496954917907715,3.689487934112549,14.861267859782647,3,3,2,2,3,3
622,bout_0622,202607/2026_07_07_18_11_16,train,202,0.25125,6.615157127380371,6.322805404663086,26.32898359156367,3,3,3,3,3,3
623,bout_0623,202607/2026_07_07_18_11_16,train,186,0.23125,6.3408989906311035,6.120995998382568,27.420103743269635,2,3,3,2,2,3
624,bout_0624,202607/2026_07_07_18_11_16,train,136,0.16875,5.242998123168945,4.83882474899292,31.069618507667823,2,2,2,2,2,3
625,bout_0625,202607/2026_07_07_18_11_16,train,184,0.22875,7.147334098815918,7.068672180175781,31.245176388266305,3,4,3,3,3,3
626,bout_0626,202607/2026_07_07_18_11_16,train,124,0.15375,4.943209171295166,4.671200275421143,32.15095395964336,2,2,2,2,2,2
627,bout_0627,202607/2026_07_07_18_11_16,train,244,0.30375,6.429230690002441,5.838979244232178,21.1661915720245,3,4,3,3,3,2
628,bout_0628,202607/2026_07_07_18_11_16,train,139,0.1725,5.066102981567383,5.0147857666015625,29.36871293662251,2,2,2,2,2,2
629,bout_0629,202607/2026_07_07_18_11_16,train,349,0.435,13.409981727600098,13.06688117980957,30.827544201379535,5,6,6,5,6,6
630,bout_0630,202607/2026_07_07_18_11_16,train,381,0.475,9.359286308288574,8.081936836242676,19.703760649028577,5,6,4,4,5,5
631,bout_0631,202607/2026_07_07_18_11_16,train,290,0.36125,11.596102714538574,11.145451545715332,32.09993831014138,5,4,4,5,5,5
632,bout_0632,202607/2026_07_07_18_11_16,train,177,0.22,5.005291938781738,4.60062313079834,22.751326994462445,4,2,2,3,3,3
633,bout_0633,202607/2026_07_07_18_11_16,train,180,0.22375,6.383825302124023,6.063114643096924,28.53106280278893,3,3,2,3,3,2
634,bout_0634,202607/2026_07_07_18_11_16,train,196,0.24375,5.765692710876465,5.5432353019714355,23.654123942057293,3,2,2,3,2,2
635,bout_0635,202607/2026_07_07_18_11_16,train,140,0.17375,4.389981269836426,4.241613864898682,25.26607925085713,2,3,2,2,2,2
636,bout_0636,202607/2026_07_07_18_11_16,train,257,0.32,9.302556991577148,8.768793106079102,29.07049059867859,4,4,4,4,4,4
637,bout_0637,202607/2026_07_07_18_11_16,train,288,0.35875,7.648226737976074,7.459066867828369,21.319098921187663,4,4,3,4,4,4
638,bout_0638,202607/2026_07_07_18_11_16,train,206,0.25625,8.322547912597656,8.22253131866455,32.47823575647866,3,3,3,3,4,4
639,bout_0639,202607/2026_07_07_18_11_16,train,242,0.30125,4.931192398071289,4.771793365478516,16.369103396087265,3,3,2,3,3,2
640,bout_0640,202607/2026_07_07_18_11_16,train,451,0.5625,7.399774551391602,5.104485988616943,13.155154758029514,6,5,5,5,3,4
641,bout_0641,202607/2026_07_07_18_11_16,train,456,0.56875,7.709495544433594,6.512973785400391,13.555157001201923,6,5,6,5,5,5
642,bout_0642,202607/2026_07_07_18_11_16,train,212,0.26375,5.379173278808594,5.057568073272705,20.394969777473342,4,2,3,3,3,3
643,bout_0643,202607/2026_07_07_18_11_16,train,302,0.37625,10.397533416748047,10.039796829223633,27.634640310293815,4,5,5,4,5,4
644,bout_0644,202607/2026_07_07_18_11_16,train,230,0.28625,6.1018500328063965,5.9504594802856445,21.316506664825837,3,3,3,3,4,3
645,bout_0645,202607/2026_07_07_18_11_16,train,422,0.52625,14.485647201538086,12.866755485534668,27.526170454229142,6,7,7,6,8,6
646,bout_0646,202607/2026_07_07_18_11_16,train,382,0.47625,12.312145233154297,11.956382751464844,25.85227345544209,6,6,6,5,7,6
647,bout_0647,202607/2026_07_07_18_11_16,train,231,0.2875,10.918863296508789,10.823232650756836,37.9786549443784,4,4,4,4,5,4
648,bout_0648,202607/2026_07_07_18_11_16,train,339,0.4225,4.818042755126953,4.083799839019775,11.40365149142474,5,3,2,3,1,2
649,bout_0649,202607/2026_07_07_18_11_16,train,262,0.32625,5.283516883850098,4.752927780151367,16.194687766590338,3,3,3,3,3,1
650,bout_0650,202607/2026_07_07_18_11_16,train,150,0.18625,5.039180755615234,4.839364051818848,27.056004056994546,2,3,2,2,2,2
651,bout_0651,202607/2026_07_07_18_11_16,train,474,0.59125,13.54472827911377,12.660161972045898,22.908631338881637,6,7,7,6,6,7
652,bout_0652,202607/2026_07_07_18_11_16,train,314,0.39125,7.506596565246582,6.859529495239258,19.18618930414462,5,4,3,4,4,3
653,bout_0653,202607/2026_07_07_18_11_16,train,173,0.215,5.053653717041016,4.96119499206543,23.505366125772166,3,3,2,3,3,2
654,bout_0654,202607/2026_07_07_18_11_16,train,199,0.2475,7.890524864196777,7.770155906677246,31.880908542209202,3,4,3,3,3,3
655,bout_0655,202607/2026_07_07_18_11_16,train,419,0.5225,13.4732666015625,12.457114219665527,25.786156175239235,6,6,6,6,6,6
656,bout_0656,202607/2026_07_07_18_11_16,train,325,0.405,7.482384204864502,7.122004508972168,18.475022728060498,4,4,4,4,3,3
657,bout_0657,202607/2026_07_07_18_11_16,train,248,0.30875,9.441183090209961,9.279143333435059,30.57873065655048,4,4,4,4,4,4
658,bout_0658,202607/2026_07_07_18_11_16,train,326,0.40625,9.104691505432129,8.710360527038574,22.4115483210637,6,4,4,5,5,4
659,bout_0659,202607/2026_07_07_18_11_16,train,405,0.505,12.222911834716797,11.783336639404297,24.20378581132039,5,6,6,5,5,5
660,bout_0660,202607/2026_07_07_18_11_16,train,162,0.20125,4.760221481323242,4.633100509643555,23.653274441357723,2,2,2,2,2,2
661,bout_0661,202607/2026_07_07_18_11_16,train,337,0.42,10.437124252319336,9.10145378112793,24.850295838855562,5,5,5,5,5,6
662,bout_0662,202607/2026_07_07_18_11_16,train,183,0.2275,5.259361267089844,5.1518402099609375,23.11807150369162,4,3,2,3,2,4
663,bout_0663,202607/2026_07_07_18_11_16,train,191,0.2375,6.600162982940674,6.184352397918701,27.79015992817126,3,3,3,3,3,3
664,bout_0664,202607/2026_07_07_18_11_16,train,155,0.1925,6.564572334289551,6.1581573486328125,34.101674463841825,3,3,2,3,3,2
665,bout_0665,202607/2026_07_07_18_11_16,train,336,0.41875,8.57136344909668,8.288978576660156,20.46892763963386,4,5,5,4,6,5
666,bout_0666,202607/2026_07_07_18_11_16,train,186,0.23125,4.428131580352783,4.324979305267334,19.148677104228252,2,3,3,2,2,2
667,bout_0667,202607/2026_07_07_18_11_16,train,329,0.41,7.150793075561523,5.403153896331787,17.440958720881767,4,3,4,4,3,3
668,bout_0668,202607/2026_07_07_18_11_16,train,191,0.2375,4.303177833557129,4.060182571411133,18.11864350971423,3,2,2,2,2,3
669,bout_0669,202607/2026_07_07_18_11_16,train,494,0.61625,12.897690773010254,11.957242012023926,20.929315656000412,7,6,6,7,7,6
670,bout_0670,202607/2026_07_07_18_11_16,train,454,0.56625,8.149553298950195,6.992562770843506,14.39214710631381,4,5,5,4,4,5
671,bout_0671,202607/2026_07_07_18_11_16,train,265,0.33,4.608015537261963,4.290058135986328,13.963683446248371,4,2,2,3,3,4
672,bout_0672,202607/2026_07_07_18_11_16,train,217,0.27,5.795771598815918,4.8562211990356445,21.46582073635525,3,3,3,3,4,3
673,bout_0673,202607/2026_07_07_18_11_16,train,156,0.19375,5.575145721435547,5.380037307739258,28.774945659022176,3,3,3,2,3,3
674,bout_0674,202607/2026_07_07_18_11_16,train,197,0.245,6.22882080078125,5.256342887878418,25.423758370535715,3,2,3,3,4,2
675,bout_0675,202607/2026_07_07_18_11_16,train,257,0.32,7.857231616973877,7.496286392211914,24.553848803043365,4,4,4,4,4,4
676,bout_0676,202607/2026_07_07_18_11_16,train,306,0.38125,5.663755893707275,5.396873950958252,14.855753163822362,5,3,3,4,3,4
677,bout_0677,202607/2026_07_07_18_11_16,train,262,0.32625,7.273088455200195,6.656649589538574,22.292991433563817,3,4,4,3,3,4
678,bout_0678,202607/2026_07_07_18_11_16,train,188,0.23375,5.259415626525879,5.162561416625977,22.500173803319267,3,2,3,3,2,2
679,bout_0679,202607/2026_07_07_18_11_16,train,367,0.4575,10.423318862915039,8.974096298217773,22.78321062932249,5,6,5,5,5,5
680,bout_0680,202607/2026_07_07_18_11_16,train,199,0.2475,4.96087121963501,4.839264869689941,20.04392411973741,3,2,3,2,1,3
681,bout_0681,202607/2026_07_07_18_11_16,train,163,0.2025,4.435219764709473,4.244961261749268,21.90231982572579,2,2,2,2,2,2
682,bout_0682,202607/2026_07_07_18_11_16,train,179,0.2225,6.054851055145264,5.817028522491455,27.21281373098995,3,3,3,2,2,3
683,bout_0683,202607/2026_07_07_18_11_16,train,429,0.535,9.875778198242188,8.340524673461914,18.459398501387266,6,6,5,6,7,4
684,bout_0684,202607/2026_07_07_18_11_16,train,242,0.30125,4.20658016204834,3.9032530784606934,13.963751575264197,2,3,3,2,3,1
685,bout_0685,202607/2026_07_07_18_11_16,train,143,0.1775,4.792440414428711,4.672859191894531,26.999664306640625,2,2,2,2,3,2
686,bout_0686,202607/2026_07_07_18_11_16,train,175,0.2175,2.8706488609313965,2.655322551727295,13.198385567500674,2,2,2,2,2,2
687,bout_0687,202607/2026_07_07_18_11_16,train,183,0.2275,5.568266868591309,5.475375652313232,24.47589832347828,3,3,3,4,3,3
688,bout_0688,202607/2026_07_07_18_11_16,train,160,0.19875,5.129362106323242,4.982817649841309,25.808111226783605,2,3,3,2,3,2
689,bout_0689,202607/2026_07_07_18_11_16,train,231,0.2875,4.121212005615234,3.910015106201172,14.33465045431386,3,3,2,3,2,2
690,bout_0690,202607/2026_07_07_18_11_16,train,495,0.6175,14.592985153198242,11.798680305480957,23.632364620563955,8,8,7,7,7,7
691,bout_0691,202607/2026_07_07_18_11_16,train,256,0.31875,4.5710039138793945,4.204358100891113,14.340404435700062,4,3,3,4,3,4
692,bout_0692,202607/2026_07_07_18_11_16,train,405,0.505,7.072269916534424,5.360406875610352,14.004494884226581,6,6,5,5,6,4
693,bout_0693,202607/2026_07_07_18_11_16,train,434,0.54125,8.520719528198242,6.401357650756836,15.742668874269269,5,5,5,5,5,8
694,bout_0694,202607/2026_07_07_18_11_16,train,199,0.2475,5.013327121734619,4.850165367126465,20.255867158523714,3,2,2,3,2,2
695,bout_0695,202607/2026_07_07_18_11_16,train,399,0.4975,10.212150573730469,8.791037559509277,20.526935826593906,5,6,5,5,5,4
696,bout_0696,202607/2026_07_07_18_11_16,train,238,0.29625,5.12506628036499,4.804384231567383,17.29980179026157,4,3,2,3,3,2
697,bout_0697,202607/2026_07_07_18_11_16,train,230,0.28625,8.405584335327148,8.21316909790039,29.364486760968205,4,3,3,4,4,5
698,bout_0698,202607/2026_07_07_18_11_16,train,496,0.61875,13.970087051391602,9.964667320251465,22.577918466895518,9,9,8,8,7,8
699,bout_0699,202607/2026_07_07_18_11_16,train,192,0.23875,4.4860992431640625,4.21908712387085,18.789944473985603,2,3,3,2,2,3
700,bout_0700,202607/2026_07_07_18_11_16,train,319,0.3975,12.410493850708008,11.964591026306152,31.22136817788178,6,6,6,5,5,6
701,bout_0701,202607/2026_07_07_18_11_16,train,255,0.3175,4.421870231628418,4.237273693084717,13.927150335837537,3,3,3,3,5,2
702,bout_0702,202607/2026_07_07_18_11_16,train,243,0.3025,8.830530166625977,8.4663667678833,29.191835261573477,4,4,4,4,4,4
703,bout_0703,202607/2026_07_07_18_11_16,train,259,0.3225,8.278265953063965,7.641117095947266,25.669041714927022,3,4,4,4,4,4
704,bout_0704,202607/2026_07_07_18_11_16,train,309,0.385,5.511212348937988,5.048674583435059,14.3148372699688,6,3,2,4,3,4
705,bout_0705,202607/2026_07_07_18_11_16,train,254,0.31625,6.357821941375732,6.023569107055664,20.103784794863977,3,5,3,3,3,3
706,bout_0706,202607/2026_07_07_18_11_16,train,188,0.23375,5.770847797393799,5.596257209777832,24.688118919331757,3,3,2,3,3,3
707,bout_0707,202607/2026_07_07_18_11_16,train,400,0.49875,10.345934867858887,9.621220588684082,20.74372905836368,7,5,5,5,6,6
708,bout_0708,202607/2026_07_07_18_11_16,train,241,0.3,4.0508317947387695,3.5869650840759277,13.502772649129232,3,3,3,2,2,4
709,bout_0709,202607/2026_07_07_18_11_16,train,182,0.22625,5.156780242919922,4.976245880126953,22.792398863734462,4,4,3,2,2,3
710,bout_0710,202607/2026_07_07_18_11_16,train,142,0.17625,3.9789037704467773,3.886457920074463,22.575340541542,2,2,2,2,3,3
711,bout_0711,202607/2026_07_07_18_11_16,train,674,0.84125,8.810027122497559,4.3147053718566895,10.47254338484108,6,6,6,4,6,5
712,bout_0712,202607/2026_07_07_18_11_16,train,317,0.395,8.652436256408691,8.43514633178711,21.90490191495871,7,5,4,4,6,4
713,bout_0713,202607/2026_07_07_18_11_16,train,207,0.2575,6.928863525390625,6.512882232666016,26.908207865594658,3,3,3,4,3,3
714,bout_0714,202607/2026_07_07_18_11_16,train,631,0.7875,9.215559959411621,6.168410778045654,11.702298361157615,6,7,6,6,6,6
715,bout_0715,202607/2026_07_07_18_11_16,train,154,0.19125,4.688590049743652,4.552801609039307,24.515503528071385,2,2,2,2,2,2
716,bout_0716,202607/2026_07_07_18_11_16,train,295,0.3675,5.896317481994629,4.759563446044922,16.04440131155001,4,3,3,3,3,3
717,bout_0717,202607/2026_07_07_18_11_16,train,286,0.35625,8.971004486083984,8.719572067260742,25.18176697848136,4,4,4,4,4,4
718,bout_0718,202607/2026_07_07_18_11_16,train,260,0.32375,4.557493686676025,4.115753173828125,14.077200576605485,3,3,3,3,3,2
719,bout_0719,202607/2026_07_07_18_11_16,train,203,0.2525,5.308750629425049,5.192774295806885,21.024754968019995,4,3,3,3,3,3
720,bout_0720,202607/2026_07_07_18_11_16,train,271,0.3375,9.288490295410156,9.107193946838379,27.521452727141202,4,4,4,4,5,5
721,bout_0721,202607/2026_07_07_18_11_16,train,261,0.325,4.01108455657959,3.866663932800293,12.341798635629507,2,3,2,2,2,8
722,bout_0722,202607/2026_07_07_18_11_16,train,243,0.3025,5.810646057128906,5.530323505401611,19.208747296293904,4,4,3,3,3,3
723,bout_0723,202607/2026_07_07_18_11_16,train,242,0.30125,5.659417152404785,5.419999122619629,18.786446978937047,4,3,3,3,4,3
724,bout_0724,202607/2026_07_07_18_11_16,train,374,0.46625,7.387130260467529,6.634675025939941,15.84371101440757,5,4,5,4,5,4
725,bout_0725,202607/2026_07_07_18_11_16,train,239,0.2975,6.90226936340332,6.7555460929870605,23.20090542320444,4,4,4,3,3,5
726,bout_0726,202607/2026_07_07_18_11_16,train,459,0.5725,8.184737205505371,7.276217937469482,14.296484201756106,6,7,5,5,6,5
727,bout_0727,202607/2026_07_07_18_11_16,train,400,0.49875,11.41748332977295,9.80690860748291,22.892197152426963,6,6,5,6,7,5
728,bout_0728,202607/2026_07_07_18_11_16,train,315,0.3925,7.048427581787109,5.19992733001709,17.957777278438495,4,5,5,4,5,5
729,bout_0729,202607/2026_07_07_18_11_16,train,220,0.27375,5.082823276519775,4.788328647613525,18.5673909644558,3,3,2,3,3,4
730,bout_0730,202607/2026_07_07_18_11_16,train,251,0.3125,8.366155624389648,8.230415344238281,26.771697998046875,4,4,4,3,4,4
731,bout_0731,202607/2026_07_07_18_11_16,train,124,0.15375,4.608605861663818,4.34486722946167,29.974672270984186,2,3,2,2,2,3
732,bout_0732,202607/2026_07_07_18_11_16,train,347,0.4325,6.379327774047852,5.452460289001465,14.749890807047056,4,4,4,4,4,4
733,bout_0733,202607/2026_07_07_18_11_16,train,180,0.22375,5.791040420532227,5.651811122894287,25.881744896233414,3,3,3,3,4,3
734,bout_0734,202607/2026_07_07_18_11_16,train,264,0.32875,6.087642192840576,5.792507648468018,18.517542791910497,4,3,3,3,5,3
735,bout_0735,202607/2026_07_07_18_11_16,train,199,0.2475,5.563668727874756,5.298947334289551,22.47946960757477,3,3,3,3,3,3
736,bout_0736,202607/2026_07_07_18_11_16,train,808,1.00875,23.63167953491211,21.945785522460938,23.426695945389948,13,12,12,12,11,11
737,bout_0737,202607/2026_07_07_18_11_16,train,186,0.23125,4.909887313842773,4.652528762817383,21.231945140941722,3,4,3,2,5,2
738,bout_0738,202607/2026_07_07_18_11_16,train,141,0.175,4.743832588195801,4.4352498054504395,27.10761478969029,2,2,2,2,2,2
739,bout_0739,202607/2026_07_07_18_11_16,train,191,0.2375,4.156087398529053,3.9820313453674316,17.49931536222759,3,2,2,3,3,4
740,bout_0740,202607/2026_07_07_18_11_16,train,203,0.2525,3.9155778884887695,3.4824867248535156,15.50723916233176,3,3,2,2,2,3
741,bout_0741,202607/2026_07_07_18_11_16,train,450,0.56125,13.31562614440918,12.390220642089844,23.724946359749094,7,7,6,6,8,5
742,bout_0742,202607/2026_07_07_18_11_16,train,214,0.26625,4.290715217590332,4.142095565795898,16.1153623195881,3,2,2,3,2,2
743,bout_0743,202607/2026_07_07_18_11_16,train,433,0.54,7.604489803314209,5.583695411682129,14.082388524655942,6,5,4,5,3,3
744,bout_0744,202607/2026_07_07_18_11_16,train,370,0.46125,14.850973129272461,14.513785362243652,32.197231716579864,7,7,6,6,7,6
745,bout_0745,202607/2026_07_07_18_11_16,train,298,0.37125,6.765969276428223,5.182044982910156,18.22483306782013,6,5,3,4,5,3
746,bout_0746,202607/2026_07_07_18_11_16,train,183,0.2275,7.451184272766113,7.201911926269531,32.75245834182907,3,5,3,3,3,3
747,bout_0747,202607/2026_07_07_18_11_16,train,481,0.6,6.269495964050293,5.96732234954834,10.449159940083822,4,4,4,4,3,6
748,bout_0748,202607/2026_07_07_18_11_16,train,402,0.50125,7.824767589569092,4.8957014083862305,15.610508906871006,5,6,5,5,5,4
749,bout_0749,202607/2026_07_07_18_11_16,train,188,0.23375,7.7558088302612305,7.624958038330078,33.17993082464697,3,4,3,3,3,3
750,bout_0750,202607/2026_07_07_18_11_16,train,164,0.20375,4.569581031799316,4.381015777587891,22.42739156711321,2,2,2,2,3,2
751,bout_0751,202607/2026_07_07_18_11_16,train,307,0.3825,8.304173469543457,7.699293613433838,21.71025743671492,4,4,4,4,4,4
752,bout_0752,202607/2026_07_07_18_11_16,train,210,0.26125,7.4606218338012695,7.045634746551514,28.55740414852161,3,3,3,3,4,3
753,bout_0753,202607/2026_07_07_18_11_16,train,161,0.2,4.538401126861572,4.453847408294678,22.69200563430786,2,2,2,2,2,2
754,bout_0754,202607/2026_07_07_18_11_16,train,323,0.4025,10.467950820922852,9.899094581604004,26.007331232106463,5,5,5,5,5,5
755,bout_0755,202607/2026_07_07_18_11_16,train,215,0.2675,6.359074592590332,6.0905961990356445,23.772241467627406,3,4,3,3,4,5
756,bout_0756,202607/2026_07_07_18_11_16,train,271,0.3375,7.232057094573975,7.046627044677734,21.42831731725622,4,3,3,4,3,3
757,bout_0757,202607/2026_07_07_18_11_16,train,431,0.5375,13.545915603637695,12.269091606140137,25.201703448628272,7,6,6,7,7,8
758,bout_0758,202607/2026_07_07_18_11_16,train,339,0.4225,9.987663269042969,8.82852840423584,23.63943969004253,5,6,5,5,6,5
759,bout_0759,202607/2026_07_07_18_11_16,train,282,0.35125,8.436253547668457,6.491357326507568,24.01780369442977,4,4,4,4,4,5
760,bout_0760,202607/2026_07_07_18_11_16,train,275,0.3425,5.560218811035156,5.077807426452637,16.234215506671987,4,4,4,3,3,3
761,bout_0761,202607/2026_07_07_18_11_16,train,239,0.2975,9.819673538208008,9.441056251525879,33.00730601078322,4,4,4,4,5,4
762,bout_0762,202607/2026_07_07_18_11_16,train,291,0.3625,4.888530731201172,4.458510875701904,13.48560201710668,3,3,3,3,3,3
763,bout_0763,202607/2026_07_07_18_11_16,train,556,0.69375,12.075665473937988,11.586423873901367,17.406364647117822,6,7,7,6,5,5
764,bout_0764,202607/2026_07_07_18_11_16,train,170,0.21125,4.603092193603516,4.12620210647583,21.789785531850963,2,2,2,2,2,2
765,bout_0765,202607/2026_07_07_18_11_16,train,310,0.38625,5.231269836425781,4.9403862953186035,13.543740676830502,4,3,3,3,5,3
766,bout_0766,202607/2026_07_07_18_11_16,train,235,0.2925,12.266286849975586,11.729753494262695,41.936023418719955,5,4,4,5,7,4
767,bout_0767,202607/2026_07_07_18_11_16,train,526,0.65625,8.806384086608887,6.633566379547119,13.419251941499256,6,5,5,6,6,6
768,bout_0768,202607/2026_07_07_18_11_16,train,383,0.4775,8.117938995361328,7.389458179473877,17.000919362013253,4,4,4,4,4,4
769,bout_0769,202607/2026_07_07_18_11_16,train,364,0.45375,7.333088397979736,6.763514041900635,16.161076359183994,4,4,4,4,4,4
770,bout_0770,202607/2026_07_07_18_11_16,train,417,0.52,13.249624252319336,12.534598350524902,25.480046639075645,6,6,6,6,6,5
771,bout_0771,202607/2026_07_07_18_11_16,train,423,0.5275,13.99881362915039,12.664529800415039,26.538035315924912,6,7,7,7,6,7
772,bout_0772,202607/2026_07_07_18_11_16,train,337,0.42,4.979486465454102,4.143518447875977,11.8559201558431,5,4,3,3,4,3
773,bout_0773,202607/2026_07_07_18_11_16,train,312,0.38875,13.45083236694336,11.656542778015137,34.600211876381636,6,7,6,5,5,6
774,bout_0774,202607/2026_07_07_18_11_16,train,136,0.16875,6.506718635559082,6.389327049255371,38.558332655164925,2,2,2,2,4,2
775,bout_0775,202607/2026_07_07_18_11_16,train,388,0.48375,4.968648433685303,2.951061248779297,10.271107873251271,3,4,4,4,2,3
776,bout_0776,202607/2026_07_07_18_11_16,train,317,0.395,4.575467109680176,4.248422145843506,11.583461037165002,3,4,2,3,3,3
777,bout_0777,202607/2026_07_07_18_11_16,train,226,0.28125,4.922231197357178,4.6545538902282715,17.501266479492188,4,5,2,3,3,2
778,bout_0778,202607/2026_07_07_18_11_16,train,217,0.27,5.17855978012085,4.767457962036133,19.179851037484628,3,3,3,3,2,3
779,bout_0779,202607/2026_07_07_18_11_16,train,443,0.5525,12.940746307373047,12.574240684509277,23.42216526221366,6,7,6,7,6,6
780,bout_0780,202607/2026_07_07_18_11_16,train,233,0.29,5.460330009460449,5.246172904968262,18.828724170553276,3,4,3,3,3,4
781,bout_0781,202607/2026_07_07_18_11_16,train,177,0.22,5.319800853729248,5.16599178314209,24.180912971496582,3,3,3,2,2,3
782,bout_0782,202607/2026_07_07_19_13_52,train,186,0.23125,9.591341018676758,9.130931854248047,41.47606926995355,3,4,4,3,4,4
783,bout_0783,202607/2026_07_07_19_13_52,train,225,0.28,5.966031551361084,5.839084625244141,21.307255540575298,3,2,2,3,3,3
784,bout_0784,202607/2026_07_07_19_13_52,train,334,0.41625,6.404324531555176,6.055023193359375,15.385764640372795,4,3,3,3,3,4
785,bout_0785,202607/2026_07_07_19_13_52,train,116,0.14375,4.915119171142578,4.756234645843506,34.19213336447011,2,2,2,2,2,2
786,bout_0786,202607/2026_07_07_19_13_52,train,214,0.26625,5.28550386428833,4.955127239227295,19.85165770624725,3,4,2,3,3,2
787,bout_0787,202607/2026_07_07_19_13_52,train,145,0.18,4.714873313903809,4.39378547668457,26.19374063279894,2,1,1,2,2,3
788,bout_0788,202607/2026_07_07_19_13_52,train,189,0.235,7.42671537399292,7.257115840911865,31.603044144650724,3,3,3,4,4,3
789,bout_0789,202607/2026_07_08_13_20_29,train,342,0.42625,8.110064506530762,7.604408264160156,19.02654429684636,4,4,3,4,4,3
790,bout_0790,202607/2026_07_08_13_20_29,train,291,0.3625,8.650729179382324,8.116485595703125,23.86408049484779,3,4,4,3,5,4
791,bout_0791,202607/2026_07_08_13_20_29,train,221,0.275,8.020135879516602,7.803126335144043,29.164130470969457,4,3,3,5,4,3
792,bout_0792,202607/2026_07_08_13_20_29,train,521,0.65,20.935062408447266,19.325441360473633,32.2077883206881,8,9,9,8,8,8
793,bout_0793,202607/2026_07_08_13_20_29,train,338,0.42125,8.042174339294434,7.736125946044922,19.091215048770167,4,5,5,5,4,4
794,bout_0794,202607/2026_07_08_13_20_29,train,172,0.21375,5.273598670959473,5.122824192047119,24.671806647763614,3,3,3,2,2,3
795,bout_0795,202607/2026_07_08_13_20_29,train,171,0.2125,5.575336456298828,5.310156345367432,26.23687744140625,2,2,3,2,2,3
796,bout_0796,202607/2026_07_08_13_20_29,train,260,0.32375,5.045934677124023,4.574889659881592,15.585898616599302,3,2,2,3,2,2
797,bout_0797,202607/2026_07_08_13_20_29,train,608,0.75875,6.73611307144165,5.447615146636963,8.877908496133971,6,5,4,4,4,7
798,bout_0798,202607/2026_07_08_13_20_29,train,256,0.31875,6.204023361206055,6.0246405601501465,19.463602701822918,3,3,3,3,3,3
799,bout_0799,202607/2026_07_08_13_20_29,train,338,0.42125,4.922266483306885,4.405942916870117,11.684905598354622,4,4,3,3,3,2
800,bout_0800,202607/2026_07_08_13_20_29,train,426,0.53125,5.119104385375977,4.475403308868408,9.635961196001839,3,4,2,3,3,1
801,bout_0801,202607/2026_07_08_13_20_29,train,429,0.535,6.115472793579102,5.309942245483398,11.430790268372151,4,5,4,4,4,4
802,bout_0802,202607/2026_07_08_13_20_29,train,193,0.24,5.10574197769165,4.881793022155762,21.273924907048546,3,2,2,2,3,3
803,bout_0803,202607/2026_07_08_13_20_29,train,328,0.40875,8.423006057739258,7.849142074584961,20.60674264890338,4,4,4,4,5,4
804,bout_0804,202607/2026_07_08_13_20_29,train,281,0.35,3.6798863410949707,3.456249713897705,10.51396097455706,3,2,3,2,2,3
805,bout_0805,202607/2026_07_08_13_20_29,train,227,0.2825,5.240963935852051,5.081454753875732,18.552084728679826,3,2,2,3,3,3
806,bout_0806,202607/2026_07_08_13_20_29,train,200,0.24875,5.010474681854248,4.859861850738525,20.142611786348738,3,2,2,3,3,3
807,bout_0807,202607/2026_07_08_13_20_29,train,177,0.22,4.417415618896484,4.218840599060059,20.07916190407493,2,4,2,3,3,2
808,bout_0808,202607/2026_07_08_13_20_29,train,281,0.35,9.654107093811035,9.466558456420898,27.583163125174387,4,4,4,4,4,5
809,bout_0809,202607/2026_07_08_13_20_29,train,174,0.21625,3.8805434703826904,3.7557859420776367,17.944709689630937,3,2,3,2,2,3
810,bout_0810,202607/2026_07_08_13_20_29,train,318,0.39625,5.152680397033691,4.702311992645264,13.003609834785342,3,3,3,2,9,2
811,bout_0811,202607/2026_07_08_13_20_29,train,193,0.24,4.39518928527832,4.092682838439941,18.313288688659668,2,4,2,2,2,3
812,bout_0812,202607/2026_07_08_13_20_29,train,215,0.2675,4.239206314086914,4.062516212463379,15.847500239577247,3,2,2,3,2,2
813,bout_0813,202607/2026_07_08_13_20_29,train,340,0.42375,4.709288120269775,3.981229305267334,11.113364295621889,3,4,3,2,5,3
814,bout_0814,202607/2026_07_08_13_20_29,train,400,0.49875,4.9636640548706055,4.30647087097168,9.95220863131951,3,3,3,2,2,3
815,bout_0815,202607/2026_07_08_13_20_29,train,414,0.51625,4.076277256011963,3.1366496086120605,7.8959365733887905,4,4,4,3,2,3
816,bout_0816,202607/2026_07_08_13_20_29,train,317,0.395,4.736939430236816,4.49461555480957,11.992251722118523,3,3,3,3,3,3
817,bout_0817,202607/2026_07_08_13_20_29,train,302,0.37625,6.369025230407715,6.1698784828186035,16.9276418083926,4,3,3,5,4,5
818,bout_0818,202607/2026_07_08_13_20_29,train,292,0.36375,5.547677993774414,5.0170698165893555,15.251348436493235,3,3,3,3,3,4
819,bout_0819,202607/2026_07_08_13_20_29,train,497,0.62,4.48188591003418,3.1958582401275635,7.228848241990613,4,6,4,2,6,3
820,bout_0820,202607/2026_07_08_13_20_29,train,339,0.4225,6.766853332519531,6.435585021972656,16.01622090537167,4,3,3,5,4,3
821,bout_0821,202607/2026_07_08_13_20_29,train,328,0.40875,6.133378028869629,5.350276947021484,15.005206186837013,5,5,3,4,5,3
822,bout_0822,202607/2026_07_08_13_20_29,train,268,0.33375,5.492595672607422,5.213812351226807,16.457215498449205,4,3,3,3,3,3
823,bout_0823,202607/2026_07_08_13_20_29,train,286,0.35625,5.888299942016602,5.494973182678223,16.528561240748356,4,3,3,3,4,3
824,bout_0824,202607/2026_07_08_13_20_29,train,288,0.35875,4.942751884460449,4.633052825927734,13.77770560128348,3,3,4,3,4,3
825,bout_0825,202607/2026_07_08_13_20_29,train,262,0.32625,7.278570175170898,7.075566291809082,22.30979364037057,3,3,5,3,4,4
826,bout_0826,202607/2026_07_08_13_20_29,train,244,0.30375,6.485864639282227,6.311941623687744,21.352640787760414,3,4,3,4,4,3
827,bout_0827,202607/2026_07_08_13_20_29,train,637,0.795,9.573854446411133,8.726884841918945,12.042584209322179,7,7,6,6,7,6
828,bout_0828,202607/2026_07_08_13_20_29,train,447,0.5575,4.63932991027832,3.7490322589874268,8.32166800049923,5,3,3,3,5,2
829,bout_0829,202607/2026_07_08_13_20_29,train,359,0.4475,3.6037116050720215,3.241947650909424,8.052986826976584,3,3,2,3,3,2
830,bout_0830,202607/2026_07_08_13_20_29,train,320,0.39875,5.68950891494751,5.502280235290527,14.268360915228865,3,3,3,4,3,4
831,bout_0831,202607/2026_07_08_13_20_29,train,830,1.03625,20.051883697509766,18.76140785217285,19.350430588670463,10,11,10,10,10,11
832,bout_0832,202607/2026_07_08_13_20_29,train,375,0.4675,7.744194507598877,7.451965808868408,16.56512194138797,4,4,4,4,5,5
833,bout_0833,202607/2026_07_08_13_20_29,train,622,0.77625,8.611983299255371,5.8001389503479,11.094342414499673,5,7,7,6,5,5
834,bout_0834,202607/2026_07_08_13_20_29,train,381,0.475,3.868365526199341,3.572871446609497,8.14392742357756,4,3,4,4,2,3
835,bout_0835,202607/2026_07_08_13_20_29,train,575,0.7175,7.1185221672058105,6.354214668273926,9.92128525046106,6,4,6,5,6,6
836,bout_0836,202607/2026_07_08_13_20_29,train,527,0.6575,10.320133209228516,9.919962882995605,15.696020090081394,6,5,5,6,6,6
837,bout_0837,202607/2026_07_08_13_20_29,train,998,1.24625,11.141454696655273,7.599210739135742,8.939983708449567,10,8,7,6,9,7
838,bout_0838,202607/2026_07_08_13_20_29,train,523,0.6525,4.720221042633057,4.01055383682251,7.234055237751812,5,3,3,2,2,3
839,bout_0839,202607/2026_07_08_13_20_29,train,360,0.44875,4.212763786315918,2.5274860858917236,9.38777445418589,4,3,3,3,3,3
840,bout_0840,202607/2026_07_08_13_20_29,train,461,0.575,3.986567258834839,3.5615439414978027,6.933160450147547,4,3,3,4,5,3
841,bout_0841,202607/2026_07_08_13_20_29,train,510,0.63625,7.406671524047852,6.276315689086914,11.64113402600841,4,5,7,5,4,5
842,bout_0842,202607/2026_07_08_13_20_29,train,357,0.445,5.972095012664795,5.458356857299805,13.420438230707404,3,3,3,3,5,3
843,bout_0843,202607/2026_07_08_13_20_29,train,333,0.415,10.553628921508789,10.15617847442627,25.43043113616576,5,5,5,6,5,5
844,bout_0844,202607/2026_07_08_13_20_29,train,400,0.49875,4.093874931335449,3.823265552520752,8.208270539018445,3,3,3,3,3,3
845,bout_0845,202607/2026_07_08_13_20_29,train,328,0.40875,5.442497253417969,5.064181804656982,13.314977990013379,3,4,4,3,2,4
846,bout_0846,202607/2026_07_08_13_20_29,train,337,0.42,7.09807014465332,6.834488868713379,16.900167011079336,5,4,3,4,4,4
847,bout_0847,202607/2026_07_08_13_20_29,train,256,0.31875,6.273797512054443,6.023853778839111,19.682501998602177,3,3,3,3,4,4
848,bout_0848,202607/2026_07_08_13_20_29,train,577,0.72,4.492938041687012,3.9253196716308594,6.240191724565294,4,3,3,4,2,3
849,bout_0849,202607/2026_07_08_13_20_29,train,593,0.74,9.899482727050781,9.268241882324219,13.377679360879434,6,5,6,7,5,7
850,bout_0850,202607/2026_07_08_13_20_29,train,344,0.42875,4.231488227844238,3.6433985233306885,9.86936029817898,3,3,3,3,4,4
851,bout_0851,202607/2026_07_08_13_20_29,train,364,0.45375,4.379694938659668,3.9895477294921875,9.652220250489627,3,3,5,3,2,3
852,bout_0852,202607/2026_07_08_13_20_29,train,585,0.73,7.8581037521362305,6.636556625366211,10.76452568785785,7,5,6,6,5,4
853,bout_0853,202607/2026_07_08_14_58_56,train,186,0.23125,6.232700824737549,5.968495845794678,26.952219782648857,2,3,3,2,2,3
854,bout_0854,202607/2026_07_08_14_58_56,train,399,0.4975,5.083926200866699,4.655609607696533,10.218947137420502,3,4,4,5,3,3
855,bout_0855,202607/2026_07_08_14_58_56,train,445,0.555,3.8398196697235107,2.825756311416626,6.91859399950182,4,4,4,3,4,3
856,bout_0856,202607/2026_07_08_14_58_56,train,325,0.405,4.826305389404297,4.445774078369141,11.916803430627892,5,4,3,3,3,4
857,bout_0857,202607/2026_07_08_14_58_56,train,398,0.49625,6.094998359680176,4.581798553466797,12.282112563587255,5,5,4,4,4,6
858,bout_0858,202607/2026_07_08_14_58_56,train,412,0.51375,5.61839485168457,5.27028226852417,10.936048373108651,6,3,5,4,4,4
859,bout_0859,202607/2026_07_08_14_58_56,train,327,0.4075,4.3727312088012695,4.11497688293457,10.73062873325465,5,3,4,3,4,2
860,bout_0860,202607/2026_07_08_14_58_56,train,474,0.59125,7.320615768432617,6.705484390258789,12.381591151683072,4,5,8,4,4,5
861,bout_0861,202607/2026_07_08_14_58_56,train,299,0.3725,6.2520952224731445,6.020085334777832,16.78414824825005,3,4,4,3,3,3
862,bout_0862,202607/2026_07_08_14_58_56,train,231,0.2875,4.632869243621826,4.357838153839111,16.114327803902004,3,2,3,3,3,3
863,bout_0863,202607/2026_07_08_14_58_56,train,630,0.78625,12.673223495483398,10.90109634399414,16.11856724385806,9,7,7,8,9,9
864,bout_0864,202607/2026_07_08_15_49_18,train,242,0.30125,5.690530776977539,4.603852272033691,18.88972872025739,3,3,2,2,4,3
865,bout_0865,202607/2026_07_08_15_49_18,train,148,0.18375,5.826942443847656,5.720762252807617,31.711251395089285,2,2,2,2,2,5
866,bout_0866,202607/2026_07_08_15_49_18,train,248,0.30875,5.908967018127441,5.668091773986816,19.138354714582803,3,3,3,3,3,5
867,bout_0867,202607/2026_07_08_15_49_18,train,273,0.34,8.34523868560791,7.203779220581055,24.544819663552676,4,4,4,4,5,4
868,bout_0868,202607/2026_07_08_15_49_18,train,224,0.27875,7.904583930969238,7.741086006164551,28.35725177029323,3,4,3,3,3,5
869,bout_0869,202607/2026_07_08_15_49_18,train,138,0.17125,5.5437846183776855,5.231265068054199,32.372464924833196,2,2,2,2,2,3
870,bout_0870,202607/2026_07_08_15_49_18,train,154,0.19125,4.970890998840332,4.582877159118652,25.991586922040952,2,2,2,2,3,2
871,bout_0871,202607/2026_07_08_15_49_18,train,116,0.14375,5.241415977478027,5.1897664070129395,36.4620241911515,2,3,3,2,2,2
872,bout_0872,202607/2026_07_08_15_49_18,train,182,0.22625,6.399370193481445,6.166191101074219,28.284509142459427,3,2,2,3,3,4
873,bout_0873,202607/2026_07_08_15_49_18,train,265,0.33,10.89349365234375,10.150811195373535,33.010586825284086,5,4,4,5,5,4
874,bout_0874,202607/2026_07_08_15_49_18,train,208,0.25875,7.633567810058594,7.397880554199219,29.501711343221622,3,3,3,3,5,3
875,bout_0875,202607/2026_07_08_15_49_18,train,170,0.21125,5.787986755371094,5.57598876953125,27.398753871579142,3,2,4,3,3,4
876,bout_0876,202607/2026_07_08_15_49_18,train,157,0.195,4.927803993225098,4.7885260581970215,25.270789708846653,2,2,2,2,2,2
877,bout_0877,202607/2026_07_08_15_49_18,train,214,0.26625,6.817464828491211,6.396217346191406,25.605501703253374,3,3,3,3,4,3
878,bout_0878,202607/2026_07_08_15_49_18,train,143,0.1775,4.712514400482178,4.3786821365356445,26.549376904124948,2,2,2,2,2,3
879,bout_0879,202607/2026_07_08_15_49_18,train,174,0.21625,6.424147129058838,6.184618949890137,29.70703874709289,3,2,3,3,3,3
880,bout_0880,202607/2026_07_08_15_49_18,train,188,0.23375,4.5498576164245605,3.9734909534454346,19.464631514115766,3,3,2,2,2,3
881,bout_0881,202607/2026_07_08_15_49_18,train,139,0.1725,5.76605224609375,5.660982131958008,33.42638983242754,2,2,2,2,2,2
882,bout_0882,202607/2026_07_08_15_49_18,train,131,0.1625,5.2470855712890625,5.046605110168457,32.28975736177885,2,4,3,2,2,2
883,bout_0883,202607/2026_07_08_15_49_18,train,220,0.27375,7.906932353973389,6.737123966217041,28.883771156067173,4,3,3,4,4,3
884,bout_0884,202607/2026_07_08_15_49_18,train,132,0.16375,4.520519256591797,4.389962673187256,27.606224467736162,2,3,3,2,2,2
885,bout_0885,202607/2026_07_08_15_49_18,train,223,0.2775,7.822400093078613,7.542259693145752,28.188829164247252,3,4,3,3,4,6
886,bout_0886,202607/2026_07_08_15_49_18,train,207,0.2575,7.059286117553711,6.865072250366211,27.414703369140625,3,4,3,3,3,3
887,bout_0887,202607/2026_07_08_15_49_18,train,138,0.17125,5.690158843994141,5.508645534515381,33.22720492843293,2,2,2,2,2,3
888,bout_0888,202607/2026_07_08_15_49_18,train,205,0.255,5.629827976226807,5.508221626281738,22.07775676951689,3,4,2,3,3,2
889,bout_0889,202607/2026_07_08_15_49_18,train,234,0.29125,6.013028144836426,5.4067206382751465,20.645590196863264,3,4,3,4,3,3
890,bout_0890,202607/2026_07_08_15_49_18,train,225,0.28,7.838392734527588,7.518650531768799,27.994259766169954,3,4,4,3,3,4
891,bout_0891,202607/2026_07_08_15_49_18,train,131,0.1625,5.764845848083496,5.511013031005859,35.47597444974459,4,2,2,3,3,2
892,bout_0892,202607/2026_07_08_15_49_18,train,317,0.395,5.329545974731445,4.926641464233398,13.492521455016316,3,5,6,3,2,3
893,bout_0893,202607/2026_07_08_15_49_18,train,283,0.3525,10.144966125488281,10.00759220123291,28.780045746066047,4,6,4,4,5,5
894,bout_0894,202607/2026_07_08_15_49_18,train,156,0.19375,4.635794639587402,4.497326850891113,23.92668201077369,2,2,2,2,2,2
895,bout_0895,202607/2026_07_08_15_49_18,train,148,0.18375,4.610663414001465,4.184415340423584,25.092045790484164,2,2,2,2,2,2
896,bout_0896,202607/2026_07_08_15_49_18,train,316,0.39375,11.14903736114502,9.958230972290039,28.315015520368306,5,5,5,4,4,5
897,bout_0897,202607/2026_07_08_15_49_18,train,140,0.17375,4.414609432220459,4.208303928375244,25.40782407033358,2,3,2,2,3,2
898,bout_0898,202607/2026_07_08_15_49_18,train,169,0.21,5.488000869750977,5.3262763023376465,26.13333747500465,2,2,2,3,2,2
899,bout_0899,202607/2026_07_08_15_49_18,train,246,0.30625,5.6661696434021,5.329442024230957,18.501778427435426,5,3,3,3,3,3
900,bout_0900,202607/2026_07_08_15_49_18,train,343,0.4275,11.183072090148926,10.832719802856445,26.15923295941269,5,5,5,5,5,5
901,bout_0901,202607/2026_07_08_15_49_18,train,174,0.21625,5.624309539794922,5.476433277130127,26.008367814080565,2,3,3,2,2,2
902,bout_0902,202607/2026_07_08_15_49_18,train,200,0.24875,4.73936653137207,4.607000827789307,19.05272977436008,3,2,3,3,2,3
903,bout_0903,202607/2026_07_08_15_49_18,train,190,0.23625,6.978741645812988,6.833282470703125,29.539647178044397,3,3,3,4,3,3
904,bout_0904,202607/2026_07_08_15_49_18,train,151,0.1875,5.799618721008301,5.522498607635498,30.931299845377605,3,3,2,3,3,2
905,bout_0905,202607/2026_07_08_15_49_18,train,304,0.37875,10.525321006774902,8.798968315124512,27.789626420527796,5,4,4,5,5,5
906,bout_0906,202607/2026_07_08_15_49_18,train,195,0.2425,4.437498569488525,4.164111614227295,18.298963173148557,2,3,2,2,2,2
907,bout_0907,202607/2026_07_08_15_49_18,train,217,0.27,5.2432451248168945,4.8137383460998535,19.41942638821072,3,3,3,3,3,2
908,bout_0908,202607/2026_07_08_15_49_18,train,226,0.28125,6.629899024963379,6.333834171295166,23.572974310980904,3,3,3,3,2,3
909,bout_0909,202607/2026_07_08_15_49_18,train,281,0.35,11.264386177062988,10.51395034790039,32.183960505894255,4,5,4,4,4,5
910,bout_0910,202607/2026_07_08_15_49_18,train,159,0.1975,5.5404558181762695,5.260538578033447,28.052940851525413,3,2,2,3,3,3
911,bout_0911,202607/2026_07_08_15_49_18,train,183,0.2275,7.104485511779785,6.836835861206055,31.228507744086965,4,3,3,3,3,3
912,bout_0912,202607/2026_07_08_15_49_18,train,437,0.545,13.19448471069336,11.885828971862793,24.210063689345613,6,6,8,6,8,6
913,bout_0913,202607/2026_07_08_15_49_18,train,143,0.1775,4.35653018951416,4.121870517730713,24.543832053600905,2,2,2,2,2,2
914,bout_0914,202607/2026_07_08_15_49_18,train,188,0.23375,5.30275821685791,4.9973554611206055,22.68559664965951,4,3,2,3,3,2
915,bout_0915,202607/2026_07_08_15_49_18,train,305,0.38,12.035959243774414,10.10906982421875,31.67357695730109,5,6,5,5,5,5
916,bout_0916,202607/2026_07_08_15_49_18,train,260,0.32375,11.61424446105957,11.03952407836914,35.87411416543497,5,4,4,5,4,4
917,bout_0917,202607/2026_07_08_15_49_18,train,257,0.32,10.398993492126465,9.510156631469727,32.4968546628952,5,4,4,5,6,4
918,bout_0918,202607/2026_07_08_16_20_55,train,198,0.24625,5.415094375610352,4.760861873626709,21.99023096694559,2,2,2,2,3,3
919,bout_0919,202607/2026_07_08_16_20_55,train,192,0.23875,9.199670791625977,8.984869003295898,38.532652530370584,3,3,3,3,6,3
920,bout_0920,202607/2026_07_08_16_20_55,train,417,0.52,15.633501052856445,15.335101127624512,30.06442510164701,5,6,6,6,6,6
921,bout_0921,202607/2026_07_08_16_20_55,train,224,0.27875,7.2481465339660645,6.780993938446045,26.002319404362563,4,4,4,3,3,3
922,bout_0922,202607/2026_07_08_16_20_55,train,146,0.18125,4.44856071472168,4.068796157836914,24.543783253636853,2,2,2,1,3,2
923,bout_0923,202607/2026_07_08_16_20_55,train,232,0.28875,4.917473316192627,4.632170677185059,17.030210618848923,2,2,2,3,2,2
924,bout_0924,202607/2026_07_08_16_20_55,train,183,0.2275,4.641336917877197,4.135214328765869,20.401480957701967,3,2,2,3,3,3
925,bout_0925,202607/2026_07_08_16_20_55,train,158,0.19625,5.527870178222656,5.344638347625732,28.167491354000795,3,2,2,2,2,2
926,bout_0926,202607/2026_07_08_16_20_55,train,206,0.25625,5.138822555541992,4.914222717285156,20.053941680163874,3,2,2,3,3,2
927,bout_0927,202607/2026_07_08_16_20_55,train,169,0.21,4.70281982421875,4.557442665100098,22.394380115327383,2,3,3,2,2,2
928,bout_0928,202607/2026_07_08_16_20_55,train,295,0.3675,7.963386535644531,7.275973796844482,21.669079008556547,4,4,4,3,4,4
929,bout_0929,202607/2026_07_08_16_20_55,train,193,0.24,4.4178056716918945,4.283825874328613,18.40752363204956,2,3,3,2,2,2
930,bout_0930,202607/2026_07_08_16_20_55,train,127,0.1575,4.9312896728515625,4.798880577087402,31.309775700644842,2,2,2,2,2,2
931,bout_0931,202607/2026_07_08_16_20_55,train,169,0.21,4.592289447784424,4.129090309143066,21.86804498944964,2,2,2,2,2,2
932,bout_0932,202607/2026_07_08_16_20_55,train,236,0.29375,6.953078269958496,6.6317033767700195,23.670053684965094,3,3,3,3,3,3
933,bout_0933,202607/2026_07_08_16_20_55,train,165,0.205,4.662298679351807,4.276525497436523,22.742920387081984,2,2,2,2,2,2
934,bout_0934,202607/2026_07_08_16_20_55,train,336,0.41875,8.457605361938477,7.754074573516846,20.19726653597248,4,5,4,4,4,4
935,bout_0935,202607/2026_07_08_16_20_55,train,264,0.32875,6.343820095062256,5.875106334686279,19.29679116368747,3,4,4,3,3,3
936,bout_0936,202607/2026_07_08_16_20_55,train,210,0.26125,4.614100933074951,3.580258846282959,17.661630365837134,3,2,3,3,3,3
937,bout_0937,202607/2026_07_08_16_20_55,train,279,0.3475,7.159048080444336,6.473694801330566,20.60157720991176,3,4,3,4,3,3
938,bout_0938,202607/2026_07_08_16_20_55,train,191,0.2375,4.901656150817871,4.527422904968262,20.638552213969984,4,3,2,2,2,3
939,bout_0939,202607/2026_07_08_16_20_55,train,146,0.18125,4.689871788024902,4.390958309173584,25.875154692551185,2,2,2,2,2,2
940,bout_0940,202607/2026_07_08_16_20_55,train,231,0.2875,6.658329963684082,6.277895927429199,23.15940856933594,3,3,3,3,3,3
941,bout_0941,202607/2026_07_08_16_20_55,train,200,0.24875,6.687586307525635,6.506863594055176,26.884769075479937,2,3,3,2,4,3
942,bout_0942,202607/2026_07_08_16_20_55,train,139,0.1725,5.14528751373291,5.060857772827148,29.82775370279948,2,2,2,2,2,2
943,bout_0943,202607/2026_07_08_16_20_55,train,196,0.24375,6.333950519561768,6.163391590118408,25.985438028971355,3,3,3,3,4,3
944,bout_0944,202607/2026_07_08_16_20_55,train,251,0.3125,7.921327114105225,7.623989582061768,25.348246765136718,4,3,3,4,4,3
945,bout_0945,202607/2026_07_08_16_20_55,train,165,0.205,5.103394508361816,4.97709846496582,24.89460735786252,3,2,3,3,2,2
946,bout_0946,202607/2026_07_08_16_20_55,train,199,0.2475,6.5034356117248535,6.208370685577393,26.27650752212062,3,3,3,3,3,2
947,bout_0947,202607/2026_07_08_16_20_55,train,151,0.1875,4.489232540130615,4.110841751098633,23.94257354736328,3,2,2,2,3,2
948,bout_0948,202607/2026_07_08_16_20_55,train,295,0.3675,7.448719024658203,7.284085273742676,20.26862319634885,4,4,4,4,4,5
949,bout_0949,202607/2026_07_08_16_20_55,train,263,0.3275,5.536628723144531,5.0014753341674805,16.905736559219942,3,3,2,3,3,3
950,bout_0950,202607/2026_07_08_18_50_16,train,333,0.415,5.5951762199401855,5.467153072357178,13.482352337205267,3,3,3,3,3,6
951,bout_0951,202607/2026_07_08_18_50_16,train,276,0.34375,4.572803497314453,4.392142295837402,13.302701083096592,2,3,3,2,2,3
952,bout_0952,202607/2026_07_08_18_50_16,train,653,0.815,14.663434028625488,13.150028228759766,17.99194359340551,6,7,8,6,7,8
953,bout_0953,202607/2026_07_08_18_50_16,train,577,0.72,15.591851234436035,14.294522285461426,21.655348936716717,7,7,7,7,6,6
954,bout_0954,202607/2026_07_08_18_50_16,train,261,0.325,4.942901611328125,4.854626655578613,15.208928034855768,2,2,3,2,2,2
955,bout_0955,202607/2026_07_08_18_50_16,train,250,0.31125,5.609442234039307,5.413107872009277,18.022304366391346,5,3,3,2,3,3
956,bout_0956,202607/2026_07_08_18_50_16,train,357,0.445,9.100994110107422,8.508596420288086,20.451672157544767,4,4,4,4,4,4
957,bout_0957,202607/2026_07_08_18_50_16,train,246,0.30625,6.069432258605957,5.741204261779785,19.81855431381537,2,3,3,2,2,3
958,bout_0958,202607/2026_07_08_18_50_16,train,389,0.485,8.468893051147461,8.22305679321289,17.461635157005073,4,5,5,4,4,3
959,bout_0959,202607/2026_07_08_18_50_16,train,249,0.31,6.337806224822998,5.906387805938721,20.444536209106445,3,3,3,3,3,3
960,bout_0960,202607/2026_07_08_18_50_16,train,143,0.1775,5.214092254638672,5.104330062866211,29.375167631767166,2,2,2,2,2,3
961,bout_0961,202607/2026_07_08_18_50_16,train,317,0.395,5.601723670959473,5.120174884796143,14.181578913821449,3,4,3,3,4,5
962,bout_0962,202607/2026_07_08_18_50_16,train,161,0.2,3.8822152614593506,3.6943137645721436,19.411076307296753,2,2,2,2,2,2
963,bout_0963,202607/2026_07_08_18_50_16,train,334,0.41625,11.957696914672852,11.529799461364746,28.727199795009852,5,5,5,5,5,5
964,bout_0964,202607/2026_07_08_18_50_16,train,310,0.38625,8.250765800476074,6.706832408905029,21.36120595592511,4,4,3,4,4,3
965,bout_0965,202607/2026_07_08_18_50_16,train,214,0.26625,6.457755088806152,6.360949516296387,24.25447920678367,3,2,2,3,3,2
966,bout_0966,202607/2026_07_08_18_50_16,train,285,0.355,7.589484214782715,6.7094221115112305,21.378828774035817,3,4,4,3,3,3
967,bout_0967,202607/2026_07_08_18_50_16,train,294,0.36625,10.666854858398438,8.601924896240234,29.12451838470563,5,4,4,5,5,4
968,bout_0968,202607/2026_07_08_18_50_16,train,158,0.19625,5.054019451141357,4.934423446655273,25.752965356134304,2,2,2,2,3,4
969,bout_0969,202607/2026_07_08_18_50_16,train,304,0.37875,11.583771705627441,11.036635398864746,30.58421572442889,4,5,5,4,4,5
970,bout_0970,202607/2026_07_08_18_50_16,train,260,0.32375,5.158180236816406,4.853296279907227,15.932603048081564,2,3,3,2,2,3
971,bout_0971,202607/2026_07_08_18_50_16,train,309,0.385,6.6817474365234375,6.438982009887695,17.355188146814122,3,4,4,3,3,3
972,bout_0972,202607/2026_07_08_18_50_16,train,188,0.23375,5.525964736938477,5.421438694000244,23.640490853212732,2,3,3,2,2,4
973,bout_0973,202607/2026_07_08_18_50_16,train,256,0.31875,4.2337141036987305,3.7996859550476074,13.28224032532935,3,2,2,2,3,2
974,bout_0974,202607/2026_07_08_18_50_16,train,315,0.3925,4.499022483825684,4.233094692230225,11.46247766579792,3,2,2,3,2,2
975,bout_0975,202607/2026_07_08_18_50_16,train,397,0.495,5.453575611114502,5.224163055419922,11.017324466897984,4,3,3,4,3,3
976,bout_0976,202607/2026_07_08_18_50_16,train,152,0.18875,7.058860778808594,6.875826835632324,37.39793790097268,3,2,2,3,3,2
977,bout_0977,202607/2026_07_08_18_50_16,train,355,0.4425,12.06493091583252,11.221810340881348,27.265380600751456,5,5,5,5,5,5
978,bout_0978,202607/2026_07_08_18_50_16,train,456,0.56875,8.306051254272461,7.96097469329834,14.604046161358173,5,4,4,5,5,4
979,bout_0979,202607/2026_07_08_18_50_16,train,317,0.395,6.843859672546387,6.573688507080078,17.326227019104774,5,3,3,3,3,3
980,bout_0980,202607/2026_07_08_18_50_16,train,168,0.20875,5.040683746337891,4.952451229095459,24.146988006409057,2,2,2,2,3,2
981,bout_0981,202607/2026_07_08_18_50_16,train,382,0.47625,4.136183738708496,3.896059513092041,8.684900238757997,3,3,3,2,3,2
982,bout_0982,202607/2026_07_08_18_50_16,train,460,0.57375,13.690115928649902,12.774576187133789,23.860768503093514,7,6,6,7,6,6
983,bout_0983,202607/2026_07_08_19_43_22,train,188,0.23375,4.407024383544922,4.221996307373047,18.853580250459558,2,2,2,2,3,3
984,bout_0984,202607/2026_07_08_19_43_22,train,259,0.3225,6.210612773895264,5.955964088439941,19.257714027582214,3,3,3,3,4,4
985,bout_0985,202607/2026_07_08_19_43_22,train,272,0.33875,5.812148094177246,5.363251209259033,17.157632750338735,3,3,3,3,3,3
986,bout_0986,202607/2026_07_08_19_43_22,train,268,0.33375,4.497208595275879,4.3220601081848145,13.474782307942709,3,2,3,2,2,2
987,bout_0987,202607/2026_07_08_19_43_22,train,370,0.46125,11.46458911895752,10.929333686828613,24.85547776467755,5,5,5,5,5,5
988,bout_0988,202607/2026_07_08_19_43_22,train,1007,1.2575,22.586578369140625,19.405384063720703,17.96149373291501,10,9,9,11,9,9
989,bout_0989,202607/2026_07_08_19_43_22,train,371,0.4625,16.97112464904785,15.314311027526855,36.69432356550887,6,7,7,6,6,6
990,bout_0990,202607/2026_07_08_19_43_22,train,473,0.59,13.937771797180176,13.06193733215332,23.623342029118945,7,6,6,7,6,7
991,bout_0991,202607/2026_07_08_19_43_22,train,208,0.25875,10.738598823547363,10.661825180053711,41.50183120211542,4,3,4,4,4,4
992,bout_0992,202607/2026_07_08_19_43_22,train,153,0.19,4.475039005279541,4.393562316894531,23.55283686989232,2,2,2,2,2,2
993,bout_0993,202607/2026_07_08_19_43_22,train,178,0.22125,4.184872150421143,4.036776542663574,18.91467638608426,2,2,2,2,2,3
994,bout_0994,202607/2026_07_08_19_43_22,train,208,0.25875,4.313748359680176,4.134852886199951,16.67149124514078,2,3,3,2,2,3
995,bout_0995,202607/2026_07_08_19_43_22,train,280,0.34875,7.323875427246094,7.159029483795166,21.000359648017472,4,3,3,4,3,4
996,bout_0996,202607/2026_07_08_19_43_22,train,438,0.54625,5.2622528076171875,4.660890579223633,9.633414750786613,2,3,3,3,2,4
997,bout_0997,202607/2026_07_08_19_43_22,train,219,0.2725,9.149160385131836,8.94717788696289,33.57490049589664,4,3,3,4,4,3
998,bout_0998,202607/2026_07_08_19_43_22,train,210,0.26125,6.033233642578125,5.911271572113037,23.093717292165074,3,3,3,3,3,3
999,bout_0999,202607/2026_07_08_19_43_22,train,367,0.4575,5.951901912689209,5.249217987060547,13.009621667080237,3,3,4,4,3,4
1000,bout_1000,202607/2026_07_08_19_43_22,train,302,0.37625,12.113231658935547,11.580327033996582,32.194635638366904,5,5,5,5,5,5
1001,bout_1001,202607/2026_07_08_19_43_22,train,293,0.365,8.428529739379883,8.208867073059082,23.09186229967091,4,4,4,4,4,4
1002,bout_1002,202607/2026_07_08_19_43_22,train,158,0.19625,4.66807746887207,4.543104648590088,23.786382006991442,2,2,2,2,2,2
1003,bout_1003,202607/2026_07_08_19_43_22,train,1108,1.38375,6.969839096069336,4.999199867248535,5.0369207559669995,8,5,6,4,6,5
1004,bout_1004,202607/2026_07_08_19_43_22,train,407,0.5075,11.538311004638672,11.130532264709473,22.735588186480143,5,5,5,6,5,5
1005,bout_1005,202607/2026_07_08_19_43_22,train,250,0.31125,5.725824356079102,5.539416313171387,18.396222830776228,3,3,2,3,3,2
1006,bout_1006,202607/2026_07_08_19_43_22,train,192,0.23875,6.528735160827637,6.33524751663208,27.345487584618375,2,3,3,2,3,3
1007,bout_1007,202607/2026_07_08_19_43_22,train,207,0.2575,4.461333751678467,4.182770252227783,17.325567967683366,2,3,3,2,1,3
1008,bout_1008,202607/2026_07_08_19_43_22,train,606,0.75625,17.79027557373047,15.247608184814453,23.524331337164256,8,8,9,8,8,8
1009,bout_1009,202607/2026_07_08_19_43_22,train,250,0.31125,5.420112609863281,4.994431972503662,17.414016417231423,3,3,3,3,2,3
1010,bout_1010,202607/2026_07_08_19_43_22,train,225,0.28,5.456020832061768,5.357606887817383,19.48578868593488,3,2,2,3,3,3
1011,bout_1011,202607/2026_07_08_19_43_22,train,363,0.4525,5.753664970397949,5.577367782592773,12.715281702536904,3,4,4,4,4,3
1012,bout_1012,202607/2026_07_08_19_43_22,train,243,0.3025,5.705265522003174,5.43857479095459,18.860381890919584,3,4,4,3,3,2
1013,bout_1013,202607/2026_07_08_19_43_22,train,298,0.37125,11.528804779052734,11.336633682250977,31.05401960687605,4,5,5,4,5,5
1014,bout_1014,202607/2026_07_08_19_43_22,train,281,0.35,6.081880569458008,5.766433238983154,17.376801627022882,3,3,3,3,3,3
1015,bout_1015,202607/2026_07_08_20_20_19,train,171,0.2125,7.165696620941162,6.848751544952393,33.72092527501724,2,3,3,2,2,3
1016,bout_1016,202607/2026_07_08_20_20_19,train,183,0.2275,5.651698112487793,5.576587677001953,24.84262906588041,3,2,2,3,3,2
1017,bout_1017,202607/2026_07_08_20_20_19,train,217,0.27,7.642910003662109,7.351820945739746,28.30707408763744,3,4,3,3,2,3
1018,bout_1018,202607/2026_07_08_20_20_19,train,149,0.185,5.758248329162598,5.6334547996521,31.12566664412215,2,3,3,2,2,3
1019,bout_1019,202607/2026_07_08_20_20_19,train,263,0.3275,10.605682373046875,10.416102409362793,32.383762971135496,4,4,4,4,4,4
1020,bout_1020,202607/2026_07_08_20_20_19,train,210,0.26125,9.258962631225586,8.598821640014648,35.44100528698789,3,4,4,3,3,4
1021,bout_1021,202607/2026_07_08_20_20_19,train,189,0.235,8.620745658874512,8.294646263122559,36.68402408031707,3,3,3,3,3,3
1022,bout_1022,202607/2026_07_08_20_20_19,train,128,0.15875,6.229583740234375,6.030256271362305,39.24147237942913,2,2,2,2,2,3
1023,bout_1023,202607/2026_07_08_20_20_19,train,251,0.3125,5.644243240356445,5.48751974105835,18.061578369140626,3,3,3,3,3,3
1024,bout_1024,202607/2026_07_08_20_20_19,train,303,0.3775,4.677953720092773,4.50022029876709,12.391930384351717,3,3,3,5,2,3
1025,bout_1025,202607/2026_07_08_20_20_19,train,353,0.44,12.876750946044922,12.248543739318848,29.265343059193004,6,5,5,7,6,5
1026,bout_1026,202607/2026_07_08_20_20_19,train,451,0.5625,12.942708969116211,12.699566841125488,23.009260389539932,7,6,6,6,6,8
1027,bout_1027,202607/2026_07_08_20_20_19,train,144,0.17875,4.238621234893799,4.145927906036377,23.712566349056218,3,2,2,2,1,2
1028,bout_1028,202607/2026_07_08_20_20_19,train,122,0.15125,5.12866735458374,5.084324359893799,33.90854449311564,2,2,2,3,2,2
1029,bout_1029,202607/2026_07_08_20_20_19,train,146,0.18125,5.577594757080078,5.388397693634033,30.77293659078664,2,3,2,2,2,3
1030,bout_1030,202607/2026_07_08_20_20_19,train,105,0.13,4.385155200958252,4.292695045471191,33.73196308429424,2,1,2,2,2,2
1031,bout_1031,202607/2026_07_08_20_20_19,train,255,0.3175,8.79944896697998,7.858625888824463,27.71479989599994,4,4,4,4,4,4
1032,bout_1032,202607/2026_07_08_20_20_19,train,235,0.2925,5.07808780670166,4.723843574523926,17.36098395453559,4,3,3,3,2,2
1033,bout_1033,202607/2026_07_08_20_20_19,train,219,0.2725,6.920479774475098,6.750259876251221,25.39625605311962,3,3,3,4,4,3
1034,bout_1034,202607/2026_07_08_20_20_19,train,166,0.20625,5.919923305511475,5.802428245544434,28.702658450964726,3,2,2,3,3,2
1035,bout_1035,202607/2026_07_08_20_20_19,train,173,0.215,5.291667461395264,5.213280200958252,24.612406797187273,3,2,2,3,4,2
1036,bout_1036,202607/2026_07_08_20_20_19,train,198,0.24625,6.238016605377197,6.027253150939941,25.33204712843532,2,3,3,2,3,3
1037,bout_1037,202607/2026_07_08_20_20_19,train,229,0.285,5.14716911315918,5.062357425689697,18.060242502312914,3,3,2,3,4,2
1038,bout_1038,202607/2026_07_08_20_20_19,train,258,0.32125,5.966535568237305,5.5863447189331055,18.572873364162817,4,3,3,3,4,2
1039,bout_1039,202607/2026_07_08_20_20_19,train,282,0.35125,7.540428638458252,7.281652927398682,21.467412493831322,4,4,3,4,4,3
1040,bout_1040,202607/2026_07_08_20_20_19,train,248,0.30875,4.69049072265625,4.240625858306885,15.191872785931173,3,3,3,2,3,3
1041,bout_1041,202607/2026_07_08_20_20_19,train,335,0.4175,5.49468994140625,5.012308597564697,13.160933991392216,4,4,3,4,3,4
1042,bout_1042,202607/2026_07_08_20_20_19,train,329,0.41,6.660240650177002,5.689371109008789,16.244489390675614,4,4,3,4,3,4
1043,bout_1043,202607/2026_07_08_20_20_19,train,167,0.2075,4.429401874542236,4.32991361618042,21.346515058034875,2,2,2,2,2,2
1044,bout_1044,202607/2026_07_08_20_20_19,train,221,0.275,6.047059059143066,5.836148262023926,21.98930566961115,4,3,2,3,3,4
1045,bout_1045,202607/2026_07_08_20_20_19,train,426,0.53125,10.405552864074707,7.732877254486084,19.586923038258274,6,5,5,6,6,6
1046,bout_1046,202607/2026_07_08_20_20_19,train,193,0.24,6.93613862991333,6.805398941040039,28.900577624638878,3,3,3,3,3,3
1047,bout_1047,202607/2026_07_08_20_20_19,train,182,0.22625,8.404330253601074,8.300347328186035,37.14621106564011,3,3,3,3,3,3
1048,bout_1048,202607/2026_07_08_20_37_55,train,226,0.28125,8.791921615600586,8.539422988891602,31.26016574435764,3,4,4,3,3,4
1049,bout_1049,202607/2026_07_08_20_37_55,train,209,0.26,6.1404924392700195,5.793838024139404,23.617278612576996,2,3,3,3,2,3
1050,bout_1050,202607/2026_07_08_20_37_55,train,266,0.33125,6.533899307250977,6.3484272956848145,19.724979040757667,3,4,3,3,3,3
1051,bout_1051,202607/2026_07_08_20_37_55,train,340,0.42375,4.594334602355957,4.013908386230469,10.842087557182198,3,3,2,4,2,3
1052,bout_1052,202607/2026_07_08_20_37_55,train,229,0.285,6.73638916015625,6.5325751304626465,23.636453193530702,3,3,3,3,3,3
1053,bout_1053,202607/2026_07_08_20_37_55,train,170,0.21125,5.559114456176758,5.1848297119140625,26.315334703795305,3,2,2,3,4,3
1054,bout_1054,202607/2026_07_08_20_37_55,train,266,0.33125,5.086778163909912,4.73166036605835,15.356311438218603,4,4,3,3,3,4
1055,bout_1055,202607/2026_07_08_20_37_55,train,440,0.54875,16.07309913635254,15.799734115600586,29.290385669890735,6,7,7,6,6,7
1056,bout_1056,202607/2026_07_08_20_37_55,train,247,0.3075,11.523876190185547,10.771415710449219,37.4760201306847,4,5,4,4,4,4
1057,bout_1057,202607/2026_07_08_20_37_55,train,193,0.24,5.073511600494385,4.6559271812438965,21.139631668726604,2,3,3,2,3,2
1058,bout_1058,202607/2026_07_08_20_37_55,train,306,0.38125,4.054166793823242,3.597398042678833,10.63388011494621,2,3,2,2,3,2
1059,bout_1059,202607/2026_07_08_20_37_55,train,199,0.2475,9.935205459594727,9.527490615844727,40.14224428119081,4,3,3,4,4,3
1060,bout_1060,202607/2026_07_08_20_37_55,train,424,0.52875,14.346640586853027,11.64007568359375,27.133126405395792,7,6,6,7,7,6
1061,bout_1061,202607/2026_07_08_20_37_55,train,302,0.37625,8.974916458129883,8.277042388916016,23.853598559813644,4,4,5,4,4,4
1062,bout_1062,202607/2026_07_08_20_37_55,train,198,0.24625,6.989123344421387,6.902742385864258,28.38222677937619,3,3,3,3,3,4
1063,bout_1063,202607/2026_07_08_20_37_55,train,265,0.33,5.082869529724121,4.6485209465026855,15.402634938557942,3,3,2,3,3,4
1064,bout_1064,202607/2026_07_08_20_37_55,train,162,0.20125,6.379546165466309,6.271702289581299,31.699608275608984,3,2,2,3,3,2
1065,bout_1065,202607/2026_07_08_20_37_55,train,245,0.305,10.652275085449219,9.416162490844727,34.92549208344006,5,4,4,5,4,4
1066,bout_1066,202607/2026_07_08_20_37_55,train,177,0.22,3.265270709991455,2.9997618198394775,14.84213959087025,2,2,2,2,1,2
1067,bout_1067,202607/2026_07_08_20_37_55,train,343,0.4275,8.910573959350586,8.729361534118652,20.843447858130027,4,4,4,4,5,4
1068,bout_1068,202607/2026_07_08_20_37_55,train,323,0.4025,6.9911417961120605,6.736991882324219,17.36929638785605,3,2,2,3,3,2
1069,bout_1069,202607/2026_07_08_20_37_55,train,284,0.35375,7.485064506530762,7.071765899658203,21.159192951323707,3,4,4,3,2,4
1070,bout_1070,202607/2026_07_08_20_37_55,train,330,0.41125,11.861360549926758,11.552359580993652,28.842214103165368,5,5,5,5,5,5
1071,bout_1071,202607/2026_07_08_20_37_55,train,186,0.23125,5.43522834777832,5.3039984703063965,23.5036901525549,2,3,3,3,2,3
1072,bout_1072,202607/2026_07_08_20_37_55,train,270,0.33625,7.8995184898376465,7.5522780418396,23.492991791338728,3,4,4,3,3,4
1073,bout_1073,202607/2026_07_08_20_37_55,train,308,0.38375,4.032370567321777,3.783820152282715,10.507806038623524,3,3,2,3,3,3
1074,bout_1074,202607/2026_07_08_20_37_55,train,473,0.59,9.787622451782227,6.3635711669921875,16.589190596241064,6,5,4,4,3,3
1075,bout_1075,202607/2026_07_08_20_37_55,train,379,0.4725,5.460195064544678,5.138461589813232,11.555968390570747,5,3,3,3,4,3
1076,bout_1076,202607/2026_07_08_20_37_55,train,216,0.26875,4.622662544250488,4.467344284057617,17.200604815815772,2,2,2,2,3,2
1077,bout_1077,202607/2026_07_08_20_37_55,train,275,0.3425,7.36729097366333,6.984537601470947,21.510338609235998,4,4,3,5,3,4
1078,bout_1078,202607/2026_07_08_20_37_55,train,234,0.29125,5.463473796844482,5.3496809005737305,18.758708315345864,3,2,2,3,3,2
1079,bout_1079,202607/2026_07_08_20_37_55,train,502,0.62625,5.753466606140137,5.175384521484375,9.187172225373471,4,4,4,3,5,4
1080,bout_1080,202607/2026_07_08_20_37_55,train,238,0.29625,4.653841495513916,4.361800670623779,15.709169605110265,3,2,3,3,2,3
1081,bout_1081,202607/2026_07_08_20_37_55,train,242,0.30125,3.896677017211914,3.7499053478240967,12.9350274430271,2,4,2,3,2,2
1082,bout_1082,202607/2026_07_08_20_37_55,train,252,0.31375,6.148502349853516,5.932988166809082,19.596820238576942,4,3,3,4,4,3
1083,bout_1083,202607/2026_07_08_20_37_55,train,181,0.225,5.785674095153809,5.626583099365234,25.714107089572483,2,3,3,2,3,3
1084,bout_1084,202607/2026_07_08_20_58_27,validation,287,0.3575,5.822487831115723,5.637391090393066,16.286679247876148,3,3,3,3,2,3
1085,bout_1085,202607/2026_07_08_20_58_27,validation,243,0.3025,4.663492679595947,4.562852382659912,15.416504725937017,2,3,3,2,2,3
1086,bout_1086,202607/2026_07_08_20_58_27,validation,160,0.19875,5.264772415161133,5.00954532623291,26.489420956785573,2,2,2,2,2,2
1087,bout_1087,202607/2026_07_08_20_58_27,validation,270,0.33625,8.347110748291016,8.095634460449219,24.8241211845086,3,4,4,3,3,4
1088,bout_1088,202607/2026_07_08_20_58_27,validation,230,0.28625,4.711660861968994,4.540159225463867,16.45995060949867,3,2,2,3,3,3
1089,bout_1089,202607/2026_07_08_20_58_27,validation,222,0.27625,9.555100440979004,9.431171417236328,34.58859888137196,3,4,4,3,3,4
1090,bout_1090,202607/2026_07_08_20_58_27,validation,411,0.5125,7.317193031311035,7.066684722900391,14.277449817192265,5,5,4,4,4,4
1091,bout_1091,202607/2026_07_08_20_58_27,validation,294,0.36625,9.087152481079102,8.647795677185059,24.811337832297887,4,4,4,4,4,4
1092,bout_1092,202607/2026_07_08_20_58_27,validation,295,0.3675,11.313343048095703,11.015652656555176,30.78460693359375,4,5,5,4,5,5
1093,bout_1093,202607/2026_07_08_20_58_27,validation,127,0.1575,4.720056056976318,4.588622570037842,29.968609885563925,2,2,2,1,2,2
1094,bout_1094,202607/2026_07_08_20_58_27,validation,357,0.445,5.341226577758789,5.132898330688477,12.002756354514133,3,4,3,3,4,4
1095,bout_1095,202607/2026_07_08_20_58_27,validation,178,0.22125,3.9262261390686035,3.779386043548584,17.745654865846795,3,2,2,3,2,2
1096,bout_1096,202607/2026_07_08_20_58_27,validation,297,0.37,7.241110801696777,7.099619388580322,19.570569734315615,4,4,4,4,4,4
1097,bout_1097,202607/2026_07_08_20_58_27,validation,278,0.34625,8.922451972961426,8.751482963562012,25.768814362343466,4,4,4,4,4,5
1098,bout_1098,202607/2026_07_08_20_58_27,validation,329,0.41,7.486394882202148,7.313730716705322,18.259499712688168,4,5,4,4,3,4
1099,bout_1099,202607/2026_07_08_20_58_27,validation,264,0.32875,7.252761363983154,6.891432762145996,22.061631525424044,3,4,4,3,3,4
1100,bout_1100,202607/2026_07_08_20_58_27,validation,200,0.24875,7.396239280700684,7.265820503234863,29.733625249047975,4,3,3,3,4,3
1101,bout_1101,202607/2026_07_08_20_58_27,validation,280,0.34875,6.33447265625,6.111559867858887,18.16336245519713,3,4,4,3,3,4
1102,bout_1102,202607/2026_07_08_20_58_27,validation,292,0.36375,11.224899291992188,11.095282554626465,30.858829668707042,5,4,4,5,5,5
1103,bout_1103,202607/2026_07_08_20_58_27,validation,383,0.4775,5.770221710205078,5.117876052856445,12.084233948073463,3,4,4,4,3,5
1104,bout_1104,202607/2026_07_08_20_58_27,validation,301,0.375,5.546236991882324,5.312478542327881,14.789965311686197,3,4,3,3,3,3
1105,bout_1105,202607/2026_07_08_20_58_27,validation,233,0.29,6.6940016746521,6.431395530700684,23.08276439535207,3,3,3,3,3,4
1106,bout_1106,202607/2026_07_08_20_58_27,validation,374,0.46625,12.822257995605469,12.193419456481934,27.50082143829591,5,6,6,6,6,6
1107,bout_1107,202607/2026_07_08_20_58_27,validation,205,0.255,4.73549222946167,4.473189353942871,18.570557762594785,2,3,3,2,2,3
1108,bout_1108,202607/2026_07_08_20_58_27,validation,220,0.27375,5.476873397827148,5.359938621520996,20.006843462382278,4,3,3,2,2,3
1109,bout_1109,202607/2026_07_08_20_58_27,validation,361,0.45,19.886581420898438,19.506677627563477,44.192403157552086,6,7,7,6,6,7
1110,bout_1110,202607/2026_07_08_20_58_27,validation,265,0.33,13.466829299926758,13.169058799743652,40.80857363614169,5,5,5,4,4,6
1111,bout_1111,202607/2026_07_08_20_58_27,validation,161,0.2,3.95005464553833,3.6949455738067627,19.75027322769165,2,3,2,2,2,2
1112,bout_1112,202607/2026_07_08_20_58_27,validation,184,0.22875,8.081222534179688,7.95438814163208,35.32774878329918,3,3,3,3,3,3
1113,bout_1113,202607/2026_07_08_20_58_27,validation,157,0.195,5.023598670959473,4.914194583892822,25.762044466458832,3,2,2,3,3,2
1114,bout_1114,202607/2026_07_08_20_58_27,validation,220,0.27375,4.89481258392334,4.75759220123291,17.880593913875213,3,2,3,2,2,2
1115,bout_1115,202607/2026_07_08_20_58_27,validation,216,0.26875,7.023897171020508,6.890208721160889,26.135431334029796,3,3,3,3,3,3
1116,bout_1116,202607/2026_07_08_20_58_27,validation,305,0.38,9.728893280029297,9.542010307312012,25.602350736919202,4,5,4,4,4,5
1117,bout_1117,202607/2026_07_09_09_46_29,validation,151,0.1875,4.072803497314453,3.9218428134918213,21.72161865234375,2,3,2,2,3,2
1118,bout_1118,202607/2026_07_09_09_46_29,validation,264,0.32875,6.587194919586182,6.020969390869141,20.03709481242945,3,4,4,3,5,5
1119,bout_1119,202607/2026_07_09_09_46_29,validation,229,0.285,5.567020416259766,5.095569133758545,19.533404969332512,3,4,3,3,4,2
1120,bout_1120,202607/2026_07_09_09_46_29,validation,298,0.37125,7.6990766525268555,6.646880149841309,20.738253609499946,4,3,3,4,4,3
1121,bout_1121,202607/2026_07_09_09_46_29,validation,372,0.46375,8.602493286132812,7.4734110832214355,18.54985075176887,5,5,4,4,5,4
1122,bout_1122,202607/2026_07_09_09_46_29,validation,302,0.37625,6.063057899475098,5.4969940185546875,16.114439599933817,3,4,3,3,3,3
1123,bout_1123,202607/2026_07_09_09_46_29,validation,145,0.18,4.398675441741943,4.159690856933594,24.437085787455242,2,2,1,2,2,2
1124,bout_1124,202607/2026_07_09_09_46_29,validation,188,0.23375,4.781519889831543,4.513687610626221,20.45570006345045,2,3,2,2,2,2
1125,bout_1125,202607/2026_07_09_09_46_29,validation,359,0.4475,10.662332534790039,9.6438570022583,23.826441418525228,5,4,4,5,5,5
1126,bout_1126,202607/2026_07_09_09_46_29,validation,197,0.245,4.482193946838379,4.019349098205566,18.294669170768895,2,2,3,2,2,5
1127,bout_1127,202607/2026_07_09_09_46_29,validation,182,0.22625,5.251564979553223,5.084368705749512,23.211336926202087,3,2,2,4,3,2
1128,bout_1128,202607/2026_07_09_09_46_29,validation,159,0.1975,4.393860340118408,4.30828857421875,22.247394127181813,2,2,2,2,4,2
1129,bout_1129,202607/2026_07_09_09_46_29,validation,194,0.24125,5.008360385894775,4.743227481842041,20.76004305034104,2,3,3,2,2,3
1130,bout_1130,202607/2026_07_09_09_46_29,validation,233,0.29,5.6042609214782715,5.188403129577637,19.325037660269903,3,3,3,3,2,3
1131,bout_1131,202607/2026_07_09_09_46_29,validation,179,0.2225,4.7283782958984375,4.598508834838867,21.251138408532302,4,3,2,2,3,2
1132,bout_1132,202607/2026_07_09_09_46_29,validation,183,0.2275,5.035000801086426,4.886127471923828,22.131871653127146,3,2,3,3,3,2
1133,bout_1133,202607/2026_07_09_09_46_29,validation,195,0.2425,5.061357498168945,4.831795692443848,20.871577312036887,3,3,3,3,2,2
1134,bout_1134,202607/2026_07_09_09_46_29,validation,283,0.3525,5.5547709465026855,4.584383964538574,15.758215451071448,2,3,2,2,4,3
1135,bout_1135,202607/2026_07_09_09_46_29,validation,313,0.39,10.564139366149902,9.891959190368652,27.0875368362818,4,5,5,5,4,4
1136,bout_1136,202607/2026_07_09_09_46_29,validation,173,0.215,5.082615852355957,4.950169563293457,23.640073731888172,2,3,2,2,2,2
1137,bout_1137,202607/2026_07_09_09_46_29,validation,207,0.2575,5.369819164276123,4.722904205322266,20.853666657383002,3,3,4,3,3,3
1138,bout_1138,202607/2026_07_09_09_46_29,validation,396,0.49375,7.609928607940674,6.689352989196777,15.412513636335541,5,6,5,5,5,5
1139,bout_1139,202607/2026_07_09_09_46_29,validation,152,0.18875,3.720627784729004,3.5853004455566406,19.711935283332473,2,2,2,2,2,2
1140,bout_1140,202607/2026_07_09_09_46_29,validation,247,0.3075,6.028328895568848,5.631415367126465,19.604321611606007,3,3,3,2,3,3
1141,bout_1141,202607/2026_07_09_09_46_29,validation,264,0.32875,8.033587455749512,7.636549472808838,24.436767926234257,4,3,5,4,4,4
1142,bout_1142,202607/2026_07_09_09_46_29,validation,218,0.27125,4.083309650421143,3.9252917766571045,15.053676130584858,3,2,2,2,2,3
1143,bout_1143,202607/2026_07_09_09_46_29,validation,275,0.3425,4.747283935546875,4.5803422927856445,13.860683023494525,3,3,2,3,4,2
1144,bout_1144,202607/2026_07_09_09_46_29,validation,276,0.34375,6.067293643951416,5.771156311035156,17.65030878240412,4,4,4,3,3,3
1145,bout_1145,202607/2026_07_09_09_46_29,validation,736,0.91875,15.393033981323242,12.675006866455078,16.754322700759992,8,8,8,8,12,7
1146,bout_1146,202607/2026_07_09_09_46_29,validation,251,0.3125,5.118379592895508,4.60970401763916,16.378814697265625,3,2,3,3,4,2
1147,bout_1147,202607/2026_07_09_09_46_29,validation,227,0.2825,7.128057956695557,6.923961162567139,25.232063563524097,3,3,3,3,3,3
1148,bout_1148,202607/2026_07_09_09_46_29,validation,215,0.2675,6.6725873947143555,6.295884609222412,24.944251942857402,3,3,3,3,3,3
1149,bout_1149,202607/2026_07_09_09_46_29,validation,192,0.23875,4.869268417358398,4.550143241882324,20.39484153867392,2,3,4,2,4,3
1150,bout_1150,202607/2026_07_09_09_46_29,validation,210,0.26125,5.883480072021484,5.723168849945068,22.52049788333583,3,3,3,3,4,2
1151,bout_1151,202607/2026_07_09_09_46_29,validation,263,0.3275,6.890798091888428,6.277166843414307,21.040604860728024,4,4,4,4,4,4
1152,bout_1152,202607/2026_07_09_09_46_29,validation,186,0.23125,4.466499328613281,4.2855706214904785,19.314591691300674,2,2,3,3,4,2
1153,bout_1153,202607/2026_07_09_09_46_29,validation,527,0.6575,10.05611801147461,9.681077003479004,15.294476063079255,6,6,9,6,5,6
1154,bout_1154,202607/2026_07_09_09_46_29,validation,279,0.3475,5.783371925354004,5.599775314331055,16.642796907493537,3,3,4,3,3,4
1155,bout_1155,202607/2026_07_09_09_46_29,validation,181,0.225,5.42445182800293,5.087769508361816,24.10867479112413,3,2,2,3,3,2
1156,bout_1156,202607/2026_07_09_09_46_29,validation,182,0.22625,5.104527473449707,4.960148811340332,22.561447396462793,3,3,3,3,3,2
1157,bout_1157,202607/2026_07_09_09_46_29,validation,266,0.33125,4.76320743560791,3.8136396408081055,14.379494145231428,3,3,3,2,3,3
1158,bout_1158,202607/2026_07_09_09_46_29,validation,284,0.35375,9.747435569763184,8.80479907989502,27.554588183076138,4,4,4,5,5,4
1159,bout_1159,202607/2026_07_09_09_46_29,validation,333,0.415,9.60103988647461,7.754026412963867,23.135035871023156,4,5,5,4,4,4
1160,bout_1160,202607/2026_07_09_09_46_29,validation,223,0.2775,7.840558052062988,7.682335376739502,28.254263250677432,4,3,3,3,4,3
1161,bout_1161,202607/2026_07_09_09_46_29,validation,636,0.79375,11.458442687988281,8.5778169631958,14.435833307701772,6,6,6,6,6,6
1162,bout_1162,202607/2026_07_09_09_46_29,validation,174,0.21625,3.79350209236145,3.6915783882141113,17.542206207451795,2,2,2,2,3,2
1163,bout_1163,202607/2026_07_09_09_46_29,validation,174,0.21625,4.937743663787842,4.766175270080566,22.83349671115765,3,2,2,3,3,2
1164,bout_1164,202607/2026_07_09_09_46_29,validation,381,0.475,7.929386138916016,7.445695400238037,16.693444502981087,4,4,5,4,4,4
1165,bout_1165,202607/2026_07_09_09_46_29,validation,519,0.6475,10.954345703125,9.811887741088867,16.917908421814673,6,7,7,6,6,6
1166,bout_1166,202607/2026_07_09_09_46_29,validation,559,0.6975,9.843225479125977,9.023295402526855,14.11215122455337,6,6,8,5,8,6
1167,bout_1167,202607/2026_07_09_09_46_29,validation,702,0.87625,18.674070358276367,15.282600402832031,21.311349909587864,11,10,10,9,10,10
1168,bout_1168,202607/2026_07_09_09_46_29,validation,379,0.4725,9.368881225585938,7.666090965270996,19.828320054150133,5,5,5,5,5,5
1169,bout_1169,202607/2026_07_09_09_46_29,validation,198,0.24625,4.160888671875,3.950847864151001,16.89700983502538,2,3,3,2,2,2
1170,bout_1170,202607/2026_07_09_09_46_29,validation,185,0.23,4.079981327056885,3.910738229751587,17.73904924807341,2,3,2,2,2,2
1171,bout_1171,202607/2026_07_09_09_46_29,validation,223,0.2775,5.102664947509766,4.98491096496582,18.387981792827983,3,3,3,3,3,3
1172,bout_1172,202607/2026_07_09_09_46_29,validation,273,0.34,7.294744968414307,6.480812072753906,21.455132260042078,4,4,5,4,4,4
1173,bout_1173,202607/2026_07_09_09_46_29,validation,312,0.38875,6.795561790466309,6.4230146408081055,17.48054479862716,4,4,4,4,5,3
1174,bout_1174,202607/2026_07_09_09_46_29,validation,241,0.3,6.389359951019287,5.950160503387451,21.297866503397625,3,3,4,3,3,3
1175,bout_1175,202607/2026_07_09_09_46_29,validation,327,0.4075,7.840080261230469,6.962460994720459,19.23946076375575,5,4,5,4,5,5
1176,bout_1176,202607/2026_07_09_09_46_29,validation,310,0.38625,6.628950119018555,6.231932640075684,17.162330405226033,3,4,4,3,3,4
1177,bout_1177,202607/2026_07_09_09_46_29,validation,345,0.43,5.004062175750732,4.241669654846191,11.637353897094727,4,2,2,3,7,3
1178,bout_1178,202607/2026_07_09_09_46_29,validation,373,0.465,7.204628944396973,6.506657123565674,15.493825686875208,4,4,4,4,4,5
1179,bout_1179,202607/2026_07_09_09_46_29,validation,354,0.44125,6.296372413635254,5.880919456481934,14.269399237700293,4,4,4,3,6,4
1180,bout_1180,202607/2026_07_09_09_46_29,validation,374,0.46625,6.884422779083252,4.295523166656494,14.765518024843436,6,4,4,5,4,7
1181,bout_1181,202607/2026_07_09_09_46_29,validation,692,0.86375,11.881903648376465,9.652989387512207,13.756183673952492,8,7,7,6,7,6
1182,bout_1182,202607/2026_07_09_09_46_29,validation,193,0.24,5.539731979370117,5.462376594543457,23.082216580708824,3,2,2,3,3,2
1183,bout_1183,202607/2026_07_09_09_46_29,validation,419,0.5225,8.680089950561523,5.91876220703125,16.612612345572295,5,6,6,4,4,5
1184,bout_1184,202607/2026_07_09_09_46_29,validation,142,0.17625,4.02672815322876,3.811509847640991,22.8466845573263,2,2,1,2,3,2
1185,bout_1185,202607/2026_07_09_09_46_29,validation,256,0.31875,4.909764766693115,4.325695991516113,15.403183581782324,3,3,3,3,3,3
1186,bout_1186,202607/2026_07_09_09_46_29,validation,256,0.31875,4.377585411071777,3.823155403137207,13.73360128963695,2,3,3,2,4,3
1187,bout_1187,202607/2026_07_09_09_46_29,validation,310,0.38625,5.038304328918457,4.637589454650879,13.044153602377882,3,3,3,3,3,3
1188,bout_1188,202607/2026_07_09_09_46_29,validation,240,0.29875,6.647387504577637,6.004952430725098,22.25066947138958,3,4,4,3,4,3
1189,bout_1189,202607/2026_07_09_09_46_29,validation,438,0.54625,7.580562114715576,6.869587421417236,13.877459248907233,6,6,8,6,5,5
1190,bout_1190,202607/2026_07_09_09_46_29,validation,265,0.33,5.191571235656738,4.939184665679932,15.73203404744466,3,3,3,2,3,3
1191,bout_1191,202607/2026_07_09_09_46_29,validation,292,0.36375,5.8749494552612305,5.452993392944336,16.151063794532593,4,4,3,3,3,3
1192,bout_1192,202607/2026_07_09_09_46_29,validation,349,0.435,7.758317947387695,7.275429725646973,17.83521367215562,4,4,4,4,4,3
1193,bout_1193,202607/2026_07_09_09_46_29,validation,410,0.51125,6.911116600036621,5.574971675872803,13.518076479289235,5,6,4,4,4,3
1194,bout_1194,202607/2026_07_09_09_46_29,validation,338,0.42125,8.731807708740234,8.016545295715332,20.728326905021326,5,4,4,5,5,5
1195,bout_1195,202607/2026_07_09_09_46_29,validation,146,0.18125,4.684627056121826,4.478518486022949,25.846218240672144,2,2,2,2,2,2
1196,bout_1196,202607/2026_07_09_09_46_29,validation,168,0.20875,3.6001105308532715,3.341949462890625,17.246038471153398,2,2,2,2,3,2
1197,bout_1197,202607/2026_07_09_09_46_29,validation,149,0.185,4.402769088745117,4.259791851043701,23.798751831054688,2,2,2,2,2,3
1198,bout_1198,202607/2026_07_09_09_46_29,validation,219,0.2725,4.0794548988342285,3.949455738067627,14.970476692969644,3,3,3,2,4,2
1199,bout_1199,202607/2026_07_09_09_46_29,validation,203,0.2525,5.588641166687012,5.43996000289917,22.133232343314898,3,3,2,3,4,3
1200,bout_1200,202607/2026_07_09_09_46_29,validation,467,0.5825,8.836915969848633,6.029860496520996,15.170671192873188,6,5,5,5,6,4
1201,bout_1201,202607/2026_07_09_09_46_29,validation,201,0.25,3.4618022441864014,3.1672863960266113,13.847208976745605,3,3,2,2,2,2
1202,bout_1202,202607/2026_07_09_09_46_29,validation,299,0.3725,3.978254795074463,3.6367239952087402,10.679878644495203,3,3,3,3,3,2
1203,bout_1203,202607/2026_07_09_09_46_29,validation,282,0.35125,5.5512847900390625,5.181183815002441,15.804369509008007,4,4,3,3,5,3
1204,bout_1204,202607/2026_07_09_09_46_29,validation,490,0.61125,9.018131256103516,8.047768592834473,14.753588967040518,5,5,9,5,6,5
1205,bout_1205,202607/2026_07_09_09_46_29,validation,327,0.4075,5.2152018547058105,4.7375383377075195,12.798041361241253,4,4,4,4,2,3
1206,bout_1206,202607/2026_07_09_09_46_29,validation,197,0.245,2.600393056869507,2.3831286430358887,10.613849211712273,3,2,2,2,3,2
1207,bout_1207,202607/2026_07_09_09_46_29,validation,164,0.20375,4.042869567871094,3.826694965362549,19.84230462758819,2,4,2,2,4,2
1208,bout_1208,202607/2026_07_09_09_46_29,validation,302,0.37625,6.097991943359375,5.6185760498046875,16.20728755710133,4,5,4,3,3,4
1209,bout_1209,202607/2026_07_09_09_46_29,validation,278,0.34625,4.661395072937012,4.300266265869141,13.46251284602747,3,3,3,2,3,3
1210,bout_1210,202607/2026_07_09_09_46_29,validation,193,0.24,5.274779319763184,5.053233623504639,21.97824716567993,3,4,4,2,3,3
1211,bout_1211,202607/2026_07_09_09_46_29,validation,303,0.3775,6.592279434204102,4.312869548797607,17.462991878686363,4,4,4,4,2,3
1212,bout_1212,202607/2026_07_09_09_46_29,validation,317,0.395,5.661865234375,5.051159858703613,14.333836036392404,4,4,4,3,5,2
1213,bout_1213,202607/2026_07_09_09_46_29,validation,251,0.3125,7.134449005126953,6.813208103179932,22.83023681640625,4,3,3,4,5,3
1214,bout_1214,202607/2026_07_09_09_46_29,validation,268,0.33375,5.013927459716797,4.731719493865967,15.023003624619616,3,3,4,3,3,2
1215,bout_1215,202607/2026_07_09_09_46_29,validation,267,0.3325,6.014216899871826,5.507763862609863,18.087870375554363,3,3,4,3,3,3
1216,bout_1216,202607/2026_07_09_09_46_29,validation,413,0.515,7.471863746643066,5.529290199279785,14.508473294452555,5,6,6,4,4,4
1217,bout_1217,202607/2026_07_09_09_46_29,validation,254,0.31625,4.566948413848877,4.380711555480957,14.44094360110317,2,3,3,2,3,2
1218,bout_1218,202607/2026_07_09_09_46_29,validation,379,0.4725,12.519006729125977,11.574016571044922,26.495252336774556,6,6,6,6,6,6
1219,bout_1219,202607/2026_07_09_09_46_29,validation,245,0.305,5.226784706115723,4.972015857696533,17.136999036444994,3,3,3,4,4,3
1220,bout_1220,202607/2026_07_09_09_46_29,validation,338,0.42125,8.974462509155273,8.475408554077148,21.30436203953774,4,5,6,4,6,5
1221,bout_1221,202607/2026_07_09_09_46_29,validation,305,0.38,8.402240753173828,8.130277633666992,22.111159876773232,4,5,4,4,5,4
1222,bout_1222,202607/2026_07_09_09_46_29,validation,226,0.28125,4.1417388916015625,3.8270552158355713,14.726182725694445,3,2,2,2,3,2
1223,bout_1223,202607/2026_07_09_09_46_29,validation,300,0.37375,5.95245361328125,5.759361267089844,15.9262972930602,5,3,3,4,4,4
1224,bout_1224,202607/2026_07_09_09_46_29,validation,183,0.2275,5.7042999267578125,5.502591133117676,25.07384583190247,3,2,2,3,3,3
1225,bout_1225,202607/2026_07_09_09_46_29,validation,264,0.32875,5.337644577026367,5.16204309463501,16.236181222893894,3,3,3,3,3,3
1226,bout_1226,202607/2026_07_09_09_46_29,validation,421,0.525,11.155082702636719,9.296697616577148,21.247776576450892,6,6,6,6,5,6
1227,bout_1227,202607/2026_07_09_09_46_29,validation,178,0.22125,4.896164417266846,4.59052848815918,22.129556688211732,3,2,2,3,3,2
1228,bout_1228,202607/2026_07_09_12_58_54,train,557,0.695,13.480146408081055,13.117304801940918,19.39589411234684,6,6,6,6,6,7
1229,bout_1229,202607/2026_07_09_12_58_54,train,273,0.34,7.8080902099609375,7.588452339172363,22.964971205767462,3,3,4,3,3,4
1230,bout_1230,202607/2026_07_09_12_58_54,train,225,0.28,6.651877403259277,6.504296779632568,23.756705011640275,2,3,3,2,3,4
1231,bout_1231,202607/2026_07_09_12_58_54,train,295,0.3675,5.549976825714111,5.010805606842041,15.101977757045201,3,3,3,3,4,3
1232,bout_1232,202607/2026_07_09_12_58_54,train,358,0.44625,10.590266227722168,10.0404634475708,23.73168902570794,5,5,5,5,5,5
1233,bout_1233,202607/2026_07_09_12_58_54,train,437,0.545,15.071761131286621,13.837635040283203,27.65460758034242,6,7,7,6,6,7
1234,bout_1234,202607/2026_07_09_12_58_54,train,252,0.31375,3.807680130004883,3.6274144649505615,12.136032286868154,2,3,4,2,2,2
1235,bout_1235,202607/2026_07_09_12_58_54,train,268,0.33375,3.6868908405303955,3.4703664779663086,11.046863941664107,3,2,2,3,3,3
1236,bout_1236,202607/2026_07_09_12_58_54,train,221,0.275,5.376518249511719,5.246143817901611,19.550975452769883,3,3,3,3,4,3
1237,bout_1237,202607/2026_07_09_12_58_54,train,210,0.26125,5.278887748718262,5.094405651092529,20.206268894615356,2,3,3,2,3,3
1238,bout_1238,202607/2026_07_09_12_58_54,train,230,0.28625,5.165318489074707,4.890939235687256,18.04478074785924,3,2,2,3,3,3
1239,bout_1239,202607/2026_07_09_12_58_54,train,206,0.25625,4.207370758056641,4.049360752105713,16.4190078363186,2,2,3,2,4,2
1240,bout_1240,202607/2026_07_09_12_58_54,train,196,0.24375,5.126608848571777,5.020744800567627,21.032241430038063,2,3,3,2,2,3
1241,bout_1241,202607/2026_07_09_12_58_54,train,287,0.3575,3.9489047527313232,3.683445453643799,11.045887420227478,3,2,3,3,3,3
1242,bout_1242,202607/2026_07_09_12_58_54,train,644,0.80375,9.217401504516602,5.522923946380615,11.467995651031542,6,6,6,5,6,5
1243,bout_1243,202607/2026_07_09_16_01_37,test,456,0.56875,8.637046813964844,8.123710632324219,15.186016376201923,5,5,5,5,5,5
1244,bout_1244,202607/2026_07_09_16_01_37,test,652,0.81375,7.821633338928223,7.254136562347412,9.61183820452009,5,5,5,5,5,4
1245,bout_1245,202607/2026_07_09_16_01_37,test,615,0.7675,10.13985538482666,8.450629234313965,13.211537960686202,6,5,6,5,7,5
1246,bout_1246,202607/2026_07_09_16_01_37,test,231,0.2875,4.820160865783691,4.659261226654053,16.765776924465015,3,2,2,3,5,2
1247,bout_1247,202607/2026_07_09_16_01_37,test,328,0.40875,6.73967981338501,6.540994644165039,16.488513304917454,4,3,4,4,4,3
1248,bout_1248,202607/2026_07_09_16_01_37,test,366,0.45625,7.401364326477051,7.211904048919678,16.222168386799016,4,4,4,4,4,4
1249,bout_1249,202607/2026_07_09_16_01_37,test,149,0.185,3.7878429889678955,3.6726279258728027,20.47482696739403,2,2,2,2,2,2
1250,bout_1250,202607/2026_07_09_16_01_37,test,432,0.53875,8.39832878112793,8.195527076721191,15.58854530139755,4,4,4,4,4,4
1251,bout_1251,202607/2026_07_09_16_01_37,test,609,0.76,6.676621437072754,4.6771111488342285,8.785028206674676,4,5,5,4,5,4
1252,bout_1252,202607/2026_07_09_16_01_37,test,215,0.2675,4.93576192855835,4.817595481872559,18.45144646190037,2,3,3,2,4,3
1253,bout_1253,202607/2026_07_09_16_01_37,test,580,0.72375,7.952648639678955,6.527056694030762,10.988115564323254,6,5,6,5,8,5
1254,bout_1254,202607/2026_07_09_16_01_37,test,497,0.62,5.038334369659424,4.686000823974609,8.1263457575152,3,4,4,3,5,3
1255,bout_1255,202607/2026_07_09_16_01_37,test,244,0.30375,5.473459243774414,5.2740278244018555,18.019618909545393,3,3,3,3,3,3
1256,bout_1256,202607/2026_07_09_16_01_37,test,418,0.52125,7.311535358428955,5.968151092529297,14.02692634710591,4,5,4,4,4,3
1257,bout_1257,202607/2026_07_09_16_01_37,test,284,0.35375,4.461719989776611,4.286247730255127,12.612636013502788,2,3,3,2,2,3
1258,bout_1258,202607/2026_07_09_16_01_37,test,195,0.2425,3.5143215656280518,3.4193835258483887,14.492047693311553,2,2,2,2,3,2
1259,bout_1259,202607/2026_07_09_16_01_37,test,756,0.94375,10.390402793884277,9.179834365844727,11.009698324645592,6,6,6,6,6,6
1260,bout_1260,202607/2026_07_09_16_01_37,test,1503,1.8775,14.45125961303711,11.683211326599121,7.697075692696197,9,9,9,10,10,9
1261,bout_1261,202607/2026_07_09_16_01_37,test,310,0.38625,3.590747833251953,3.2909116744995117,9.296434519746157,3,2,3,3,4,2
1262,bout_1262,202607/2026_07_09_16_01_37,test,609,0.76,10.344231605529785,9.04294204711914,13.610831059907612,6,6,6,5,5,6
1263,bout_1263,202607/2026_07_09_16_01_37,test,566,0.70625,5.249853610992432,4.532632350921631,7.433421042113177,4,3,3,4,4,3
1264,bout_1264,202607/2026_07_09_16_01_37,test,252,0.31375,3.436830997467041,3.152724027633667,10.954043019815272,2,2,3,2,3,4
1265,bout_1265,202607/2026_07_09_16_01_37,test,427,0.5325,9.307788848876953,9.126361846923828,17.479415678642166,5,5,5,5,5,5
1266,bout_1266,202607/2026_07_09_16_01_37,test,417,0.52,4.836664199829102,4.206460952758789,9.301277307363657,4,4,3,4,3,3
1267,bout_1267,202607/2026_07_09_16_01_37,test,193,0.24,4.080022811889648,3.956364631652832,17.000095049540203,2,3,2,2,3,2
1268,bout_1268,202607/2026_07_09_16_01_37,test,262,0.32625,4.645904541015625,4.543022632598877,14.240320432231801,3,3,3,3,3,3
1269,bout_1269,202607/2026_07_09_16_01_37,test,262,0.32625,6.031679153442383,5.866852283477783,18.487905451164394,3,3,3,3,3,4
1270,bout_1270,202607/2026_07_09_16_01_37,test,214,0.26625,6.014443397521973,5.87666130065918,22.58945877003558,3,3,3,3,3,3
1271,bout_1271,202607/2026_07_09_16_01_37,test,1562,1.95125,14.637271881103516,12.675106048583984,7.5014846283682335,9,9,9,9,8,10
1272,bout_1272,202607/2026_07_09_16_01_37,test,290,0.36125,4.273214340209961,4.088515758514404,11.828967031723074,3,3,3,3,4,3
1273,bout_1273,202607/2026_07_09_16_01_37,test,357,0.445,6.5848588943481445,5.43162727355957,14.79743571763628,4,4,4,4,6,4
1274,bout_1274,202607/2026_07_09_16_01_37,test,260,0.32375,3.2711429595947266,2.969674587249756,10.10391647751267,2,2,2,1,2,2
1275,bout_1275,202607/2026_07_09_16_01_37,test,240,0.29875,3.130312442779541,2.86745285987854,10.478033281270429,2,2,2,2,3,2
1276,bout_1276,202607/2026_07_09_16_01_37,test,380,0.47375,3.310258388519287,2.7874531745910645,6.987352798985302,3,3,3,3,2,3
1277,bout_1277,202607/2026_07_09_16_01_37,test,459,0.5725,6.061034202575684,4.482211112976074,10.586959305809055,4,4,4,4,3,4
1278,bout_1278,202607/2026_07_09_16_01_37,test,307,0.3825,3.6577391624450684,3.278026580810547,9.56271676456227,3,3,3,3,2,3
1279,bout_1279,202607/2026_07_09_16_01_37,test,313,0.39,3.08913516998291,2.9293301105499268,7.92085941021259,3,2,2,1,4,2
1280,bout_1280,202607/2026_07_09_16_01_37,test,960,1.19875,7.646881580352783,5.304126739501953,6.379046156707223,6,7,7,6,6,5
1281,bout_1281,202607/2026_07_09_16_01_37,test,280,0.34875,2.748305559158325,2.5113000869750977,7.8804460477658065,2,3,2,2,2,4
1282,bout_1282,202607/2026_07_09_16_01_37,test,782,0.97625,9.405778884887695,5.65479040145874,9.634600650333107,7,6,7,5,7,5
1283,bout_1283,202607/2026_07_09_16_01_37,test,243,0.3025,5.906736373901367,5.521562099456787,19.52640123603758,3,3,3,3,3,3
1284,bout_1284,202607/2026_07_09_16_01_37,test,797,0.995,11.028249740600586,8.531548500061035,11.083668081005614,7,6,6,6,6,6
1285,bout_1285,202607/2026_07_09_16_01_37,test,225,0.28,4.882482528686523,4.761058807373047,17.43743760245187,3,2,2,3,3,2
1286,bout_1286,202607/2026_07_09_16_01_37,test,298,0.37125,7.419729232788086,7.253171443939209,19.985802647240636,4,4,4,3,4,5
1287,bout_1287,202607/2026_07_09_16_01_37,test,371,0.4625,4.898556232452393,4.619626522064209,10.591472935032199,3,5,3,3,5,3
1288,bout_1288,202607/2026_07_09_16_01_37,test,281,0.35,4.000823020935059,3.7368807792663574,11.43092291695731,2,3,3,2,2,3
1289,bout_1289,202607/2026_07_09_16_01_37,test,171,0.2125,4.116087436676025,3.974195718765259,19.36982323141659,2,2,2,2,2,2
1290,bout_1290,202607/2026_07_09_16_01_37,test,283,0.3525,3.844388484954834,3.693953275680542,10.906066623985346,2,2,2,3,3,4
1291,bout_1291,202607/2026_07_09_16_01_37,test,223,0.2775,3.4911181926727295,3.2237982749938965,12.580606099721546,2,2,2,2,2,2
1292,bout_1292,202607/2026_07_09_16_01_37,test,204,0.25375,5.182931900024414,5.124322891235352,20.425347389258775,3,2,2,3,3,2
1293,bout_1293,202607/2026_07_09_16_01_37,test,282,0.35125,5.688769340515137,5.542026996612549,16.19578459933135,3,3,3,3,5,3
1294,bout_1294,202607/2026_07_09_16_01_37,test,212,0.26375,4.293590545654297,4.1817121505737305,16.279016286840935,3,3,2,3,2,2
1295,bout_1295,202607/2026_07_09_16_01_37,test,436,0.54375,3.76359486579895,3.401481866836548,6.921553776181978,3,4,3,3,2,3
1296,bout_1296,202607/2026_07_09_16_01_37,test,464,0.57875,7.466219902038574,7.10538911819458,12.900595943047213,4,5,5,4,4,5
1297,bout_1297,202607/2026_07_09_16_01_37,test,515,0.6425,3.6663479804992676,2.9592535495758057,5.706378179765397,4,3,3,3,4,4
1298,bout_1298,202607/2026_07_09_16_01_37,test,283,0.3525,4.663295745849609,4.459864616394043,13.229207789644283,3,3,3,3,2,2
1299,bout_1299,202607/2026_07_09_16_01_37,test,231,0.2875,3.9037282466888428,3.8081326484680176,13.578185205874236,2,3,3,2,4,3
1300,bout_1300,202607/2026_07_09_16_01_37,test,714,0.89125,9.769700050354004,9.124778747558594,10.96179528791473,7,7,6,6,6,6
1301,bout_1301,202607/2026_07_09_16_01_37,test,330,0.41125,4.574167251586914,4.402958393096924,11.122595140636873,2,3,4,2,4,3
1302,bout_1302,202607/2026_07_09_16_01_37,test,216,0.26875,4.0855302810668945,3.997525453567505,15.201973138853562,2,3,2,2,2,2
1303,bout_1303,202607/2026_07_09_16_01_37,test,205,0.255,4.011239528656006,3.8610501289367676,15.73035109276865,2,3,2,2,2,2
1304,bout_1304,202607/2026_07_09_16_01_37,test,286,0.35625,5.528290271759033,5.426200866699219,15.518007780376234,3,4,2,3,3,3
1305,bout_1305,202607/2026_07_09_16_01_37,test,416,0.51875,3.4561595916748047,3.229034423828125,6.662476321300828,3,3,3,3,3,3
1306,bout_1306,202607/2026_07_09_16_01_37,test,185,0.23,3.5603890419006348,3.498708724975586,15.479952356089715,2,2,1,2,2,2
1307,bout_1307,202607/2026_07_09_16_01_37,test,325,0.405,4.0243353843688965,3.522164821624756,9.936630578688632,3,3,3,3,2,4
1308,bout_1308,202607/2026_07_09_16_01_37,test,310,0.38625,8.64328384399414,8.43934154510498,22.377433900308457,5,4,4,5,4,4
1309,bout_1309,202607/2026_07_09_16_01_37,test,197,0.245,3.593567132949829,3.3348286151885986,14.66762095081563,2,2,2,2,3,2
1310,bout_1310,202607/2026_07_09_16_01_37,test,176,0.21875,3.11574125289917,2.9583489894866943,14.24338858468192,2,2,2,3,2,2
1311,bout_1311,202607/2026_07_09_16_01_37,test,198,0.24625,3.987525701522827,3.770638942718506,16.192997772681533,2,2,2,2,3,2
1312,bout_1312,202607/2026_07_09_16_01_37,test,416,0.51875,3.491389274597168,3.0484609603881836,6.730388963078878,4,3,2,3,4,4
1313,bout_1313,202607/2026_07_09_16_01_37,test,337,0.42,3.9493417739868164,3.7804532051086426,9.40319469996861,3,3,3,3,2,2
1314,bout_1314,202607/2026_07_09_16_01_37,test,239,0.2975,2.8147807121276855,2.7129385471343994,9.461447771857767,2,3,2,2,1,2
1315,bout_1315,202607/2026_07_09_16_01_37,test,251,0.3125,4.728969097137451,4.547589302062988,15.132701110839843,3,3,2,3,3,2
1316,bout_1316,202607/2026_07_09_16_01_37,test,383,0.4775,4.5256547927856445,4.32321310043335,9.477811084367842,3,3,3,3,3,3
1317,bout_1317,202607/2026_07_09_16_01_37,test,206,0.25625,3.7508270740509033,3.5339722633361816,14.637373947515721,3,2,2,3,2,3
1318,bout_1318,202607/2026_07_09_16_01_37,test,206,0.25625,3.681764841079712,3.230119466781616,14.367862794457414,3,2,2,3,2,2
1319,bout_1319,202607/2026_07_09_16_01_37,test,248,0.30875,3.5479979515075684,3.4208953380584717,11.4914913409152,4,2,2,3,4,3
1320,bout_1320,202607/2026_07_09_16_01_37,test,222,0.27625,3.347705364227295,3.174988269805908,12.11839045874134,2,2,2,2,2,2
1321,bout_1321,202607/2026_07_09_16_01_37,test,291,0.3625,4.752055644989014,4.626574516296387,13.109119020659348,3,3,3,3,3,3
1322,bout_1322,202607/2026_07_09_16_01_37,test,214,0.26625,4.991605281829834,4.821154594421387,18.747813265088578,2,3,3,2,2,3
1323,bout_1323,202607/2026_07_09_16_01_37,test,217,0.27,4.734936714172363,4.595902442932129,17.536802645082826,3,3,2,3,3,2
1324,bout_1324,202607/2026_07_09_16_01_37,test,427,0.5325,6.828939437866211,6.541414737701416,12.82429941383326,4,5,5,4,4,4
1325,bout_1325,202607/2026_07_09_16_01_37,test,312,0.38875,7.497076511383057,7.34967041015625,19.285084273654167,4,4,4,4,4,3
1326,bout_1326,202607/2026_07_09_16_01_37,test,216,0.26875,4.5404558181762695,4.424623966217041,16.894719323446584,3,2,2,3,3,2
1327,bout_1327,202607/2026_07_09_16_01_37,test,276,0.34375,3.665036678314209,3.4963109493255615,10.661924882368607,3,3,3,3,2,4
1328,bout_1328,202607/2026_07_09_16_01_37,test,222,0.27625,4.038050651550293,3.7787415981292725,14.617377924163957,3,3,2,3,4,2
1329,bout_1329,202607/2026_07_09_16_01_37,test,420,0.52375,3.7560601234436035,3.426922559738159,7.1714751760259725,3,3,2,4,2,3
1330,bout_1330,202607/2026_07_09_16_01_37,test,328,0.40875,4.612317085266113,4.336928844451904,11.283956171904864,3,3,4,3,3,3
1331,bout_1331,202607/2026_07_09_16_01_37,test,381,0.475,6.04078483581543,5.847320079803467,12.71744175961143,4,4,4,4,3,3
1332,bout_1332,202607/2026_07_09_16_01_37,test,310,0.38625,4.350070953369141,4.1549601554870605,11.26231962037318,3,3,3,3,5,3
1333,bout_1333,202607/2026_07_09_16_01_37,test,269,0.335,3.2158820629119873,3.0930428504943848,9.599647948991006,2,2,2,3,1,2
1334,bout_1334,202607/2026_07_09_16_01_37,test,198,0.24625,4.378442764282227,4.319430351257324,17.780478230587722,2,3,2,2,2,2
1335,bout_1335,202607/2026_07_09_16_01_37,test,323,0.4025,3.438720703125,3.3423123359680176,8.543405473602483,2,2,2,3,3,2
1336,bout_1336,202607/2026_07_09_16_01_37,test,250,0.31125,3.611074447631836,3.431347608566284,11.6018456148814,2,2,2,2,2,4
1337,bout_1337,202607/2026_07_09_16_01_37,test,383,0.4775,8.394816398620605,8.206878662109375,17.58076732695415,4,5,5,4,4,5
1338,bout_1338,202607/2026_07_09_16_01_37,test,781,0.975,8.628416061401367,6.456031799316406,8.849657498873198,6,6,6,5,8,5
1339,bout_1339,202607/2026_07_09_16_01_37,test,245,0.305,2.917879581451416,2.845935106277466,9.566818299840708,2,2,2,3,2,3
1340,bout_1340,202607/2026_07_09_16_01_37,test,366,0.45625,4.97804069519043,4.736157417297363,10.910774126444778,4,3,3,3,3,4
1341,bout_1341,202607/2026_07_09_16_01_37,test,397,0.495,5.854576110839844,5.6190595626831055,11.82742648654514,4,4,4,3,3,4
1342,bout_1342,202607/2026_07_09_16_01_37,test,328,0.40875,4.635305404663086,4.4450459480285645,11.340196708655867,3,3,3,3,3,3
1343,bout_1343,202607/2026_07_09_16_01_37,test,344,0.42875,6.372579097747803,6.234951496124268,14.863158245475924,3,4,4,3,3,4
1344,bout_1344,202607/2026_07_09_16_01_37,test,373,0.465,6.6818647384643555,6.26836633682251,14.369601588095387,4,4,4,4,4,4
1345,bout_1345,202607/2026_07_09_16_01_37,test,301,0.375,3.707362174987793,3.5092930793762207,9.886299133300781,3,2,2,4,2,3
1346,bout_1346,202607/2026_07_09_16_01_37,test,519,0.6475,4.140066623687744,3.5350160598754883,6.39392528754864,4,4,3,4,2,4
1347,bout_1347,202607/2026_07_09_16_01_37,test,339,0.4225,3.834333896636963,3.740551471710205,9.075346500915888,3,3,3,3,2,3
1348,bout_1348,202607/2026_07_09_16_01_37,test,233,0.29,4.942690849304199,4.851088047027588,17.043761549324827,3,2,2,3,3,2
1349,bout_1349,202607/2026_07_09_16_01_37,test,273,0.34,3.9229493141174316,3.8170697689056396,11.538086217992445,3,2,2,3,3,2
1350,bout_1350,202607/2026_07_09_16_01_37,test,303,0.3775,4.283501625061035,4.104238510131836,11.347024172347114,3,3,3,2,3,3
1351,bout_1351,202607/2026_07_09_16_01_37,test,788,0.98375,4.991446495056152,3.8888871669769287,5.073897326613624,4,4,3,4,4,3
1352,bout_1352,202607/2026_07_09_16_01_37,test,250,0.31125,4.57056999206543,4.4272332191467285,14.684562223503388,3,2,2,2,3,3
1353,bout_1353,202607/2026_07_09_16_01_37,test,322,0.40125,5.468013763427734,5.293632507324219,13.6274486315956,4,3,3,3,3,3
1354,bout_1354,202607/2026_07_09_16_01_37,test,219,0.2725,4.307652473449707,4.210447311401367,15.80789898513654,3,2,2,3,3,2
1355,bout_1355,202607/2026_07_09_16_01_37,test,244,0.30375,3.596527576446533,3.5086567401885986,11.84042000476225,2,3,3,2,2,2
1356,bout_1356,202607/2026_07_09_16_01_37,test,311,0.3875,3.262312412261963,3.0031790733337402,8.418870741321195,3,2,2,3,2,2
1357,bout_1357,202607/2026_07_09_16_01_37,test,432,0.53875,4.128305435180664,3.758913993835449,7.6627479075279155,3,3,3,3,2,3
1358,bout_1358,202607/2026_07_09_16_01_37,test,247,0.3075,3.5985183715820312,3.4040393829345703,11.70249876937246,3,2,2,3,2,2
1359,bout_1359,202607/2026_07_09_16_01_37,test,445,0.555,7.901039123535156,6.8097639083862305,14.236106528892172,4,5,5,4,4,5
1360,bout_1360,202607/2026_07_09_18_54_36,validation,205,0.255,3.523883104324341,3.3495595455169678,13.819149428722906,2,2,2,2,2,2
1361,bout_1361,202607/2026_07_09_18_54_36,validation,327,0.4075,4.785504341125488,3.82137393951416,11.743568935277272,3,3,2,3,4,2
1362,bout_1362,202607/2026_07_09_18_54_36,validation,201,0.25,4.478601932525635,4.231204986572266,17.91440773010254,3,2,2,3,3,2
1363,bout_1363,202607/2026_07_09_18_54_36,validation,304,0.37875,9.55566120147705,9.388357162475586,25.22946851875129,5,4,4,5,7,4
1364,bout_1364,202607/2026_07_09_18_54_36,validation,237,0.295,4.423454761505127,4.270280838012695,14.99476190340721,2,3,3,2,2,2
1365,bout_1365,202607/2026_07_09_18_54_36,validation,336,0.41875,4.807574272155762,4.5323615074157715,11.48077438126749,3,4,3,3,4,2
1366,bout_1366,202607/2026_07_09_18_54_36,validation,207,0.2575,3.939135789871216,3.7977535724639893,15.29761471794647,2,2,2,2,2,2
1367,bout_1367,202607/2026_07_09_18_54_36,validation,227,0.2825,5.049174785614014,4.8934125900268555,17.873185081819518,3,3,3,2,4,3
1368,bout_1368,202607/2026_07_09_18_54_36,validation,274,0.34125,3.82586932182312,3.664550304412842,11.211338672009143,2,3,3,2,2,3
1369,bout_1369,202607/2026_07_09_18_54_36,validation,591,0.7375,15.583640098571777,14.059319496154785,21.130359455690545,8,7,7,8,7,7
1370,bout_1370,202607/2026_07_09_18_54_36,validation,336,0.41875,3.283907890319824,3.007537841796875,7.842168096286147,3,3,2,3,3,3
1371,bout_1371,202607/2026_07_09_18_54_36,validation,240,0.29875,4.288588523864746,4.112728118896484,14.35510802967279,2,2,3,3,2,4
1372,bout_1372,202607/2026_07_09_18_54_36,validation,265,0.33,6.623750686645508,6.391569137573242,20.07197177771366,4,3,3,4,3,5
1373,bout_1373,202607/2026_07_09_18_54_36,validation,193,0.24,3.908595085144043,3.8016819953918457,16.285812854766846,2,3,2,2,3,2
1374,bout_1374,202607/2026_07_09_18_54_36,validation,339,0.4225,5.404415130615234,4.101436614990234,12.791515102047892,3,4,2,3,3,3
1375,bout_1375,202607/2026_07_09_18_54_36,validation,705,0.88,10.018707275390625,8.20573902130127,11.38489463112571,6,7,6,7,6,5
1376,bout_1376,202607/2026_07_09_18_54_36,validation,249,0.31,6.151407241821289,5.972698211669922,19.84324916716545,3,4,3,3,5,3
1377,bout_1377,202607/2026_07_09_18_54_36,validation,349,0.435,4.7142462730407715,3.9465107917785645,10.837347754116717,3,4,3,3,3,2
1378,bout_1378,202607/2026_07_09_18_54_36,validation,440,0.54875,9.000970840454102,8.723832130432129,16.40268034706898,7,5,5,5,8,5
1379,bout_1379,202607/2026_07_09_18_54_36,validation,270,0.33625,4.7425150871276855,4.610574722290039,14.104134088112076,4,3,3,4,2,3
1380,bout_1380,202607/2026_07_09_18_54_36,validation,165,0.205,3.9685044288635254,3.8647806644439697,19.358558189578172,2,2,2,2,2,2
1381,bout_1381,202607/2026_07_09_18_54_36,validation,304,0.37875,4.553309440612793,4.07439661026001,12.021939117129488,2,3,3,2,3,3
1382,bout_1382,202607/2026_07_09_18_54_36,validation,207,0.2575,3.9681568145751953,3.8931548595428467,15.410317726505612,2,3,2,2,1,3
1383,bout_1383,202607/2026_07_09_18_54_36,validation,330,0.41125,5.534236907958984,5.328323841094971,13.457111022392667,3,3,3,3,3,3
1384,bout_1384,202607/2026_07_09_18_54_36,validation,246,0.30625,3.1820499897003174,2.992516040802002,10.390367313307157,2,2,2,2,2,3
1385,bout_1385,202607/2026_07_09_18_54_36,validation,186,0.23125,4.549018383026123,4.478387832641602,19.67143084551837,2,2,2,3,2,2
1386,bout_1386,202607/2026_07_09_18_54_36,validation,314,0.39125,7.113219261169434,6.930512428283691,18.18075210522539,3,4,4,3,5,4
1387,bout_1387,202607/2026_07_09_18_54_36,validation,258,0.32125,6.597816467285156,6.325222969055176,20.53795009271644,3,4,3,3,5,3
1388,bout_1388,202607/2026_07_09_18_54_36,validation,237,0.295,4.027908802032471,3.713243007659912,13.653928142482952,3,3,2,3,3,2
1389,bout_1389,202607/2026_07_09_19_39_09,train,219,0.2725,4.07368278503418,3.693528652191162,14.94929462397864,2,2,2,2,1,2
1390,bout_1390,202607/2026_07_09_19_39_09,train,293,0.365,5.776679039001465,5.512314796447754,15.826517915072507,2,3,3,3,5,3
1391,bout_1391,202607/2026_07_09_19_39_09,train,328,0.40875,5.640275955200195,5.213726043701172,13.79884025737051,3,3,4,3,3,4
1392,bout_1392,202607/2026_07_09_19_39_09,train,184,0.22875,6.547654628753662,6.347736835479736,28.623626792365734,3,2,2,3,3,3
1393,bout_1393,202607/2026_07_09_19_39_09,train,490,0.61125,14.026687622070312,13.648093223571777,22.947546211975972,7,5,6,7,7,8
1394,bout_1394,202607/2026_07_09_19_39_09,train,455,0.5675,6.487534999847412,5.131073951721191,11.431779735413942,3,5,4,3,3,5
1395,bout_1395,202607/2026_07_09_19_39_09,train,246,0.30625,5.085724830627441,4.659575462341309,16.606448426538584,3,3,3,2,2,3
1396,bout_1396,202607/2026_07_09_19_39_09,train,161,0.2,5.192535400390625,5.057434558868408,25.962677001953125,3,2,2,3,3,4
1397,bout_1397,202607/2026_07_09_19_39_09,train,185,0.23,4.356698989868164,4.219054222106934,18.94216952116593,2,2,2,2,3,2
1398,bout_1398,202607/2026_07_09_19_39_09,train,723,0.9025,9.375639915466309,8.680624008178711,10.388520681957129,6,7,7,6,6,6
1399,bout_1399,202607/2026_07_09_19_39_09,train,154,0.19125,4.457840919494629,4.300333023071289,23.30897212807649,2,2,2,2,2,2
1400,bout_1400,202607/2026_07_09_19_39_09,train,204,0.25375,5.745968341827393,5.487525463104248,22.644210214098102,2,4,3,3,2,2
1401,bout_1401,202607/2026_07_09_19_39_09,train,204,0.25375,6.9892425537109375,6.7425384521484375,27.543813019550495,3,3,3,3,3,4
1402,bout_1402,202607/2026_07_09_19_39_09,train,231,0.2875,4.4325079917907715,3.932734251022339,15.417419101880945,3,3,2,3,2,2
1403,bout_1403,202607/2026_07_09_19_39_09,train,227,0.2825,4.547824859619141,4.327571392059326,16.098495078297844,3,2,2,3,3,3
1404,bout_1404,202607/2026_07_09_19_39_09,train,164,0.20375,4.787600517272949,4.699375629425049,23.497425851646376,2,2,2,2,2,2
1405,bout_1405,202607/2026_07_09_19_39_09,train,235,0.2925,7.314888000488281,6.9583916664123535,25.00816410423344,3,4,4,3,3,4
1406,bout_1406,202607/2026_07_09_19_39_09,train,410,0.51125,11.436931610107422,10.164827346801758,22.370526376738233,6,6,5,6,6,5
1407,bout_1407,202607/2026_07_09_19_39_09,train,250,0.31125,5.235236644744873,4.772708415985107,16.82003741283493,3,2,2,3,3,2
1408,bout_1408,202607/2026_07_09_19_39_09,train,255,0.3175,6.785492897033691,6.256811618804932,21.371631171759656,3,3,3,4,4,4
1409,bout_1409,202607/2026_07_09_19_39_09,train,378,0.47125,6.8014445304870605,6.265377998352051,14.432773539495088,4,4,4,4,4,4
1410,bout_1410,202607/2026_07_09_19_39_09,train,391,0.4875,7.986225128173828,7.605005264282227,16.382000262920673,4,4,4,4,4,4
1411,bout_1411,202607/2026_07_09_19_39_09,train,365,0.455,5.151386260986328,4.247576713562012,11.321728046123798,4,3,3,3,4,2
1412,bout_1412,202607/2026_07_09_19_39_09,train,228,0.28375,3.9773805141448975,3.6378726959228516,14.017200049849858,2,4,3,2,3,3
1413,bout_1413,202607/2026_07_09_19_39_09,train,719,0.8975,13.98385238647461,12.881223678588867,15.580894023927142,7,8,7,7,7,7
1414,bout_1414,202607/2026_07_09_19_39_09,train,192,0.23875,4.067582130432129,3.7004899978637695,17.03699321646965,2,2,2,2,2,3
1415,bout_1415,202607/2026_07_09_19_39_09,train,201,0.25,4.5504045486450195,4.256528854370117,18.201618194580078,3,2,2,3,3,4
1416,bout_1416,202607/2026_07_09_19_39_09,train,481,0.6,12.637063980102539,11.183475494384766,21.0617733001709,7,6,6,7,7,6
1417,bout_1417,202607/2026_07_09_19_39_09,train,180,0.22375,5.630762577056885,5.488503456115723,25.16541933880172,3,2,2,3,3,3
1418,bout_1418,202607/2026_07_09_19_39_09,train,309,0.385,3.924489974975586,3.671254873275757,10.19348045448204,2,4,2,3,2,3
1419,bout_1419,202607/2026_07_09_19_39_09,train,681,0.85,14.104061126708984,12.852514266967773,16.593013090245865,8,7,7,7,7,7
1420,bout_1420,202607/2026_07_09_19_39_09,train,348,0.43375,5.0611772537231445,4.729777812957764,11.66842018149428,3,4,3,3,3,4
1421,bout_1421,202607/2026_07_09_19_39_09,train,465,0.58,7.745117664337158,7.364041328430176,13.353651145408895,4,5,5,5,4,5
1422,bout_1422,202607/2026_07_09_19_39_09,train,215,0.2675,6.285867691040039,6.002617359161377,23.49857080762631,3,4,3,3,3,4
1423,bout_1423,202607/2026_07_09_19_39_09,train,198,0.24625,5.817018032073975,5.603604316711426,23.622408252077054,2,3,3,2,4,3
1424,bout_1424,202607/2026_07_09_19_39_09,train,406,0.50625,4.143803119659424,3.2443809509277344,8.185290112907504,4,2,3,4,2,2
1425,bout_1425,202607/2026_07_09_19_39_09,train,243,0.3025,9.038091659545898,8.644181251525879,29.877988957176523,4,3,4,4,4,4
1426,bout_1426,202607/2026_07_09_19_39_09,train,165,0.205,5.153425693511963,5.046704292297363,25.138661919570552,2,2,2,2,2,3
1427,bout_1427,202607/2026_07_09_19_39_09,train,199,0.2475,4.630033493041992,4.376595973968506,18.7072060324929,2,3,2,1,2,2
1428,bout_1428,202607/2026_07_09_19_39_09,train,381,0.475,7.647551536560059,5.258663177490234,16.100108498021175,5,6,4,5,5,5
1429,bout_1429,202607/2026_07_09_19_39_09,train,196,0.24375,4.517702579498291,3.6712217330932617,18.534164428710938,2,2,2,3,1,3
1430,bout_1430,202607/2026_07_09_19_39_09,train,273,0.34,2.71905255317688,2.3043341636657715,7.997213391696705,3,2,3,2,1,4
1431,bout_1431,202607/2026_07_09_19_39_09,train,145,0.18,4.98720645904541,4.761862754821777,27.70670255025228,2,2,2,2,2,2
1432,bout_1432,202607/2026_07_09_19_39_09,train,364,0.45375,7.394522666931152,7.096476078033447,16.296468687451576,4,4,5,4,5,4
1433,bout_1433,202607/2026_07_09_19_39_09,train,386,0.48125,8.76136302947998,7.789836406707764,18.205429671646712,5,4,5,5,5,5
1434,bout_1434,202607/2026_07_09_19_39_09,train,244,0.30375,3.9509880542755127,3.8236777782440186,13.007368079919383,3,3,2,3,3,3
1435,bout_1435,202607/2026_07_09_19_39_09,train,216,0.26875,7.36275577545166,7.186812400817871,27.396300559820133,3,3,3,3,3,3
1436,bout_1436,202607/2026_07_09_19_39_09,train,172,0.21375,4.774441719055176,4.535113334655762,22.33656944587217,3,2,2,2,3,2
1437,bout_1437,202607/2026_07_09_19_39_09,train,261,0.325,5.868380546569824,5.530270099639893,18.05655552790715,3,3,3,3,4,4
1438,bout_1438,202607/2026_07_09_19_39_09,train,264,0.32875,4.1358747482299805,3.810743570327759,12.580607599178649,3,3,4,3,2,5
1439,bout_1439,202607/2026_07_09_19_39_09,train,182,0.22625,3.620866060256958,3.490567922592163,16.003827890638487,2,2,2,2,3,2
1440,bout_1440,202607/2026_07_09_19_39_09,train,184,0.22875,4.438231468200684,4.3327436447143555,19.402104779019382,3,3,2,2,3,2
1441,bout_1441,202607/2026_07_09_19_39_09,train,174,0.21625,3.5945582389831543,3.4480912685394287,16.622234631135974,2,3,2,2,2,2
1442,bout_1442,202607/2026_07_09_19_39_09,train,312,0.38875,8.426008224487305,8.041458129882812,21.67461922697699,4,4,4,4,4,4
1443,bout_1443,202607/2026_07_09_19_39_09,train,596,0.74375,8.659385681152344,8.13117790222168,11.642871504070378,6,6,5,6,7,7
1444,bout_1444,202607/2026_07_09_19_39_09,train,205,0.255,1.6683323383331299,1.461591124534607,6.5424797581691365,2,3,1,2,2,2
1445,bout_1445,202607/2026_07_09_19_39_09,train,213,0.265,5.156459808349609,4.834523677825928,19.458338899432487,3,2,2,3,3,2
1446,bout_1446,202607/2026_07_09_19_39_09,train,268,0.33375,5.997692108154297,5.749461650848389,17.970613058140216,4,3,3,4,3,3
1447,bout_1447,202607/2026_07_09_19_39_09,train,202,0.25125,3.2286736965179443,3.0034139156341553,12.85044257320575,1,2,2,1,3,2
1448,bout_1448,202607/2026_07_09_19_39_09,train,290,0.36125,7.222024917602539,6.485124588012695,19.991764477792493,4,5,3,4,4,4
1449,bout_1449,202607/2026_07_09_19_39_09,train,268,0.33375,6.742828845977783,6.478058815002441,20.20323249731171,4,3,3,4,3,3
1450,bout_1450,202607/2026_07_09_19_39_09,train,540,0.67375,10.847118377685547,9.681699752807617,16.099619113447936,6,6,6,6,6,5
1451,bout_1451,202607/2026_07_09_19_39_09,train,340,0.42375,4.589743137359619,4.232474327087402,10.831252241556623,3,3,3,3,3,3
1452,bout_1452,202607/2026_07_09_19_39_09,train,229,0.285,5.7982025146484375,5.526163578033447,20.344570226836623,3,3,3,3,3,3
1453,bout_1453,202607/2026_07_09_19_39_09,train,401,0.5,5.851436614990234,5.556382656097412,11.702873229980469,4,4,3,3,3,3
1454,bout_1454,202607/2026_07_09_19_39_09,train,256,0.31875,6.768884658813477,6.6447529792785645,21.23571657666973,4,3,3,4,4,3
1455,bout_1455,202607/2026_07_09_19_39_09,train,816,1.01875,7.148686408996582,5.72013521194458,7.017115493493577,5,4,5,5,5,6
1456,bout_1456,202607/2026_07_09_19_39_09,train,285,0.355,5.476056098937988,5.153598308563232,15.42551013785349,3,3,3,3,3,3
1457,bout_1457,202607/2026_07_09_19_39_09,train,1033,1.29,19.751800537109375,16.007299423217773,15.311473284580911,11,10,10,10,10,11
1458,bout_1458,202607/2026_07_09_19_39_09,train,796,0.99375,11.359441757202148,8.429454803466797,11.43088478712166,7,6,7,5,6,6
1459,bout_1459,202607/2026_07_09_19_39_09,train,212,0.26375,3.5323691368103027,3.4173312187194824,13.392868765157546,3,2,2,2,2,2
1460,bout_1460,202607/2026_07_09_19_39_09,train,667,0.8325,11.038363456726074,9.565984725952148,13.259295443514803,7,7,7,6,6,6
1461,bout_1461,202607/2026_07_09_19_39_09,train,743,0.9275,13.846196174621582,12.277815818786621,14.928513395818417,8,8,8,8,8,7
1462,bout_1462,202607/2026_07_09_19_39_09,train,371,0.4625,4.032200813293457,3.620720624923706,8.718272028742609,3,4,3,2,4,3
1463,bout_1463,202607/2026_07_09_19_39_09,train,212,0.26375,3.9228625297546387,3.7311623096466064,14.873412435088678,2,2,2,3,2,4
1464,bout_1464,202607/2026_07_09_19_39_09,train,600,0.74875,10.364286422729492,8.36336612701416,13.842118761575282,6,7,7,6,5,6
1465,bout_1465,202607/2026_07_09_19_39_09,train,202,0.25125,6.093860626220703,5.833954811096191,24.254171646649567,3,3,3,3,3,3
1466,bout_1466,202607/2026_07_09_19_39_09,train,206,0.25625,6.320855140686035,6.1642866134643555,24.666751768530872,3,2,2,3,3,3
1467,bout_1467,202607/2026_07_09_19_39_09,train,198,0.24625,4.908970832824707,4.703502178192139,19.93490693532876,2,3,3,2,2,3
1468,bout_1468,202607/2026_07_09_19_39_09,train,217,0.27,5.0268402099609375,4.86237096786499,18.617926703559025,2,3,3,2,3,3
1469,bout_1469,202607/2026_07_09_19_39_09,train,261,0.325,3.648164987564087,3.380173921585083,11.225123038658728,2,2,2,3,2,2
1470,bout_1470,202607/2026_07_09_19_39_09,train,353,0.44,6.547370910644531,6.076474666595459,14.880388433283025,4,4,4,4,4,4
1471,bout_1471,202607/2026_07_09_19_39_09,train,202,0.25125,4.533349990844727,4.071223735809326,18.04318404316309,2,3,3,2,2,3
1472,bout_1472,202607/2026_07_09_19_39_09,train,167,0.2075,4.232182502746582,4.091091156005859,20.396060254200396,2,2,2,2,3,2
1473,bout_1473,202607/2026_07_09_19_39_09,train,917,1.145,21.626754760742188,20.592174530029297,18.887995424228983,12,11,11,12,12,11
1474,bout_1474,202607/2026_07_09_19_39_09,train,201,0.25,4.668557643890381,4.570060729980469,18.674230575561523,2,2,2,2,3,3
1475,bout_1475,202607/2026_07_09_19_39_09,train,295,0.3675,4.041642665863037,3.8491408824920654,10.99766711799466,3,2,2,3,3,2
1476,bout_1476,202607/2026_07_09_19_39_09,train,368,0.45875,6.876690864562988,6.549898147583008,14.990061830110056,4,4,4,4,3,3
1477,bout_1477,202607/2026_07_09_19_39_09,train,327,0.4075,5.730969429016113,4.683795928955078,14.063728660162242,4,3,3,4,4,4
1478,bout_1478,202607/2026_07_09_19_39_09,train,610,0.76125,8.2682466506958,7.557136535644531,10.861407751324533,5,6,5,5,5,5
1479,bout_1479,202607/2026_07_09_19_39_09,train,531,0.6625,7.707868576049805,7.0195536613464355,11.634518605358195,4,5,5,4,5,5
1480,bout_1480,202607/2026_07_09_19_39_09,train,306,0.38125,3.7336666584014893,3.4934325218200684,9.793224022036693,2,3,3,2,2,2
1481,bout_1481,202607/2026_07_09_19_39_09,train,346,0.43125,8.176983833312988,7.1071577072143555,18.961121932319973,4,4,5,4,4,6
1482,bout_1482,202607/2026_07_09_19_39_09,train,369,0.46,9.10863208770752,8.604718208312988,19.801374103711996,5,5,5,5,5,5
1483,bout_1483,202607/2026_07_09_19_39_09,train,261,0.325,4.659351348876953,4.474331855773926,14.336465688852163,2,3,3,2,2,3
1484,bout_1484,202607/2026_07_09_19_39_09,train,254,0.31625,5.904213905334473,5.510260581970215,18.669451084061574,3,3,3,3,3,3
1485,bout_1485,202607/2026_07_09_19_39_09,train,529,0.66,13.007696151733398,10.809244155883789,19.70863053292939,7,7,7,7,7,7
1486,bout_1486,202607/2026_07_09_19_39_09,train,244,0.30375,4.018723011016846,3.8645434379577637,13.230363822277681,2,4,3,2,3,2
1487,bout_1487,202607/2026_07_09_19_39_09,train,241,0.3,7.496620178222656,7.296953201293945,24.988733927408855,3,3,3,4,5,3
1488,bout_1488,202607/2026_07_09_19_39_09,train,273,0.34,3.274765968322754,3.1336467266082764,9.631664612713982,2,4,2,2,2,2
1489,bout_1489,202607/2026_07_09_19_39_09,train,458,0.57125,5.85926628112793,5.42616605758667,10.256921279873836,4,3,4,4,3,4
1490,bout_1490,202607/2026_07_09_19_39_09,train,370,0.46125,9.812211990356445,8.817106246948242,21.273088325976033,5,4,6,5,5,5
1491,bout_1491,202607/2026_07_09_19_39_09,train,301,0.375,3.0167765617370605,2.7808456420898438,8.044737497965494,2,2,3,2,3,1
1492,bout_1492,202607/2026_07_09_19_39_09,train,330,0.41125,5.190976142883301,4.976717948913574,12.622434389989788,4,3,3,4,3,3
1493,bout_1493,202607/2026_07_09_19_39_09,train,428,0.53375,10.532623291015625,8.880943298339844,19.73325206747658,6,5,5,6,6,6
1494,bout_1494,202607/2026_07_09_19_39_09,train,536,0.66875,4.6109418869018555,4.349940299987793,6.894866372937354,4,4,3,2,3,3
1495,bout_1495,202607/2026_07_09_19_39_09,train,359,0.4475,6.967719078063965,6.34757137298584,15.570321962154111,4,4,3,4,4,4
1496,bout_1496,202607/2026_07_09_19_39_09,train,287,0.3575,5.29667854309082,4.81978702545166,14.81588403661768,3,3,3,3,3,4
1497,bout_1497,202607/2026_07_09_19_39_09,train,541,0.675,8.176264762878418,7.729275703430176,12.112984833893952,5,5,4,5,6,5
1498,bout_1498,202607/2026_07_09_19_39_09,train,371,0.4625,5.077900409698486,4.752835273742676,10.979244129077808,3,3,3,2,3,4
1499,bout_1499,202607/2026_07_09_19_39_09,train,259,0.3225,5.864933013916016,5.6185102462768555,18.185838802840358,3,3,3,3,5,3
1500,bout_1500,202607/2026_07_09_19_39_09,train,672,0.83875,12.53518009185791,9.650315284729004,14.945073134852947,7,7,6,7,7,8
1501,bout_1501,202607/2026_07_09_19_39_09,train,303,0.3775,4.20877742767334,3.6583995819091797,11.149079278604873,3,2,2,3,2,2
1502,bout_1502,202607/2026_07_09_19_39_09,train,296,0.36875,5.622472763061523,5.054431915283203,15.24738376423464,3,3,3,3,3,3
1503,bout_1503,202607/2026_07_09_19_39_09,train,281,0.35,5.807938575744629,5.2183518409729,16.594110216413227,3,3,3,3,3,3
1504,bout_1504,202607/2026_07_09_19_39_09,train,332,0.41375,4.423723220825195,4.208265781402588,10.691778177221016,3,4,4,3,4,4
1505,bout_1505,202607/2026_07_09_19_39_09,train,825,1.03,16.99585723876953,15.87585163116455,16.50083227065003,10,9,10,8,9,9
1506,bout_1506,202607/2026_07_09_19_39_09,train,602,0.75125,8.957557678222656,8.122076988220215,11.92353767483881,5,6,5,5,4,6
1507,bout_1507,202607/2026_07_09_21_01_53,train,373,0.465,7.148247241973877,6.885161876678467,15.372574713922315,4,4,4,4,4,4
1508,bout_1508,202607/2026_07_09_21_01_53,train,221,0.275,5.042852878570557,4.760650157928467,18.33764683116566,4,3,3,4,2,4
1509,bout_1509,202607/2026_07_09_21_01_53,train,257,0.32,4.628230094909668,3.6742355823516846,14.463219046592712,3,3,3,2,3,5
1510,bout_1510,202607/2026_07_09_21_01_53,train,304,0.37875,6.749670505523682,6.495092391967773,17.820912225805102,4,4,4,4,4,6
1511,bout_1511,202607/2026_07_09_21_01_53,train,172,0.21375,3.8254594802856445,3.669407367706299,17.8968864574767,2,2,2,2,2,3
1512,bout_1512,202607/2026_07_09_21_01_53,train,273,0.34,5.234683036804199,5.134403228759766,15.39612657883588,4,3,3,2,3,3
1513,bout_1513,202607/2026_07_09_21_01_53,train,372,0.46375,3.845996379852295,3.367614269256592,8.293253649277187,3,3,3,3,3,3
1514,bout_1514,202607/2026_07_09_21_01_53,train,390,0.48625,5.809385299682617,5.455951690673828,11.947321953074791,4,4,3,3,3,6
1515,bout_1515,202607/2026_07_09_21_01_53,train,339,0.4225,4.237334251403809,4.06907844543457,10.029193494446885,3,3,3,3,3,2
1516,bout_1516,202607/2026_07_09_21_01_53,train,709,0.885,10.809340476989746,9.303797721862793,12.213944041796323,6,8,6,6,6,6
1517,bout_1517,202607/2026_07_09_21_01_53,train,822,1.02625,7.8449201583862305,6.543877601623535,7.644258376015815,5,7,6,5,6,6
1518,bout_1518,202607/2026_07_09_21_01_53,train,459,0.5725,9.792603492736816,9.526298522949219,17.1049842667892,5,6,5,5,7,5
1519,bout_1519,202607/2026_07_10_12_35_17,train,211,0.2625,3.9576382637023926,3.8303604125976562,15.076717195056734,2,3,2,2,4,2
1520,bout_1520,202607/2026_07_10_12_35_17,train,321,0.4,6.168932914733887,5.925100326538086,15.422332286834717,4,3,3,4,3,3
1521,bout_1521,202607/2026_07_10_12_35_17,train,220,0.27375,4.252340793609619,4.16326379776001,15.533664999487193,2,2,2,2,4,3
1522,bout_1522,202607/2026_07_10_12_35_17,train,265,0.33,3.7716736793518066,3.538694381713867,11.429314179853959,2,2,2,3,2,3
1523,bout_1523,202607/2026_07_10_12_35_17,train,356,0.44375,3.383486032485962,2.966541290283203,7.624757256306394,2,2,2,2,3,3
1524,bout_1524,202607/2026_07_10_12_35_17,train,919,1.1475,15.624452590942383,11.920482635498047,13.616080689274408,9,9,9,9,9,9
1525,bout_1525,202607/2026_07_10_12_35_17,train,254,0.31625,6.454460620880127,5.768508434295654,20.409361647051785,4,3,3,4,4,3
1526,bout_1526,202607/2026_07_10_12_35_17,train,282,0.35125,6.775986671447754,6.607513904571533,19.29106525679076,4,3,3,4,4,3
1527,bout_1527,202607/2026_07_10_12_35_17,train,291,0.3625,4.127165794372559,3.8058125972747803,11.385284949993265,3,2,2,3,3,3
1528,bout_1528,202607/2026_07_10_12_35_17,train,215,0.2675,5.159971237182617,4.713640213012695,19.28961210161726,3,3,2,3,3,2
1529,bout_1529,202607/2026_07_10_12_35_17,train,439,0.5475,10.871965408325195,10.651925086975098,19.857471065434147,6,6,5,6,7,5
1530,bout_1530,202607/2026_07_10_12_35_17,train,199,0.2475,3.32255220413208,3.079836368560791,13.424453350028607,2,2,2,2,2,2
1531,bout_1531,202607/2026_07_10_12_35_17,train,220,0.27375,4.199496269226074,3.888314962387085,15.34062564100849,3,3,3,2,2,2
1532,bout_1532,202607/2026_07_10_12_35_17,train,229,0.285,4.374858856201172,4.232203483581543,15.35038195158306,3,2,3,2,2,3
1533,bout_1533,202607/2026_07_10_12_35_17,train,313,0.39,5.653181076049805,5.389455795288086,14.495336092435396,3,3,2,4,3,3
1534,bout_1534,202607/2026_07_10_12_35_17,train,259,0.3225,4.685157299041748,4.081995487213135,14.527619531912396,3,2,3,3,3,3
1535,bout_1535,202607/2026_07_10_12_35_17,train,239,0.2975,4.310799598693848,4.20957088470459,14.490082684685202,3,2,2,3,5,3
1536,bout_1536,202607/2026_07_10_13_27_53,train,274,0.34125,9.612215995788574,9.04543685913086,28.16766592172476,4,5,4,4,4,4
1537,bout_1537,202607/2026_07_10_13_27_53,train,214,0.26625,6.684930801391602,6.492785453796387,25.107721319780666,3,3,4,3,4,4
1538,bout_1538,202607/2026_07_10_13_27_53,train,380,0.47375,5.723742485046387,4.243134498596191,12.081778332551739,5,5,4,3,2,2
1539,bout_1539,202607/2026_07_10_13_27_53,train,222,0.27625,4.910706520080566,4.637604713439941,17.77631319486178,3,2,3,3,4,1
1540,bout_1540,202607/2026_07_10_13_27_53,train,282,0.35125,5.72338342666626,5.365866661071777,16.294330040330987,3,3,3,3,3,4
1541,bout_1541,202607/2026_07_10_13_27_53,train,221,0.275,7.090317726135254,6.871859073638916,25.78297354958274,3,3,3,3,4,3
1542,bout_1542,202607/2026_07_10_13_27_53,train,144,0.17875,4.155603408813477,3.7907400131225586,23.248130958397073,2,2,2,3,3,3
1543,bout_1543,202607/2026_07_10_13_27_53,train,188,0.23375,6.27558708190918,6.012613773345947,26.847431366456384,3,3,3,3,5,3
1544,bout_1544,202607/2026_07_10_13_27_53,train,395,0.4925,5.844916343688965,5.539937496185303,11.867850444038508,4,4,5,4,4,5
1545,bout_1545,202607/2026_07_10_13_27_53,train,235,0.2925,7.249794960021973,7.084179401397705,24.78562379494692,5,3,3,4,4,3
1546,bout_1546,202607/2026_07_10_13_27_53,train,340,0.42375,4.803075313568115,4.480769157409668,11.334691005470479,3,4,3,4,3,4
1547,bout_1547,202607/2026_07_10_13_27_53,train,218,0.27125,5.938126564025879,5.767694473266602,21.89171083511845,3,3,3,3,3,3
1548,bout_1548,202607/2026_07_10_13_27_53,train,184,0.22875,5.242334365844727,5.011358737945557,22.917308703146343,4,2,2,3,3,3
1549,bout_1549,202607/2026_07_10_13_27_53,train,360,0.44875,10.813063621520996,10.03211498260498,24.09596350199665,6,5,6,6,6,6
1550,bout_1550,202607/2026_07_10_13_27_53,train,162,0.20125,3.8632235527038574,3.700619697570801,19.19614187678935,3,2,2,2,3,4
1551,bout_1551,202607/2026_07_10_13_27_53,train,206,0.25625,4.139468193054199,3.9599125385284424,16.154022216796875,2,3,3,2,3,3
1552,bout_1552,202607/2026_07_10_13_27_53,train,204,0.25375,6.070400714874268,5.636590480804443,23.922761437928152,3,3,3,3,3,4
1553,bout_1553,202607/2026_07_10_13_27_53,train,448,0.55875,4.934593200683594,4.169393062591553,8.831486712632831,6,5,2,5,4,3
1554,bout_1554,202607/2026_07_10_13_27_53,train,218,0.27125,5.268908500671387,5.132287979125977,19.424547467912948,3,3,3,3,3,3
1555,bout_1555,202607/2026_07_10_13_27_53,train,149,0.185,4.112223148345947,3.9283969402313232,22.22823323430242,2,2,3,2,2,4
1556,bout_1556,202607/2026_07_10_13_27_53,train,345,0.43,6.579697608947754,6.135219573974609,15.301622346390126,3,4,4,3,4,4
1557,bout_1557,202607/2026_07_10_13_27_53,train,597,0.745,15.755945205688477,15.07093334197998,21.148919739179163,9,8,8,8,8,9
1558,bout_1558,202607/2026_07_10_13_27_53,train,218,0.27125,4.494256973266602,4.168743133544922,16.568689302365353,2,3,3,3,3,3
1559,bout_1559,202607/2026_07_10_13_27_53,train,178,0.22125,4.334786415100098,3.936103105545044,19.592254983503267,2,2,2,2,2,3
1560,bout_1560,202607/2026_07_10_13_27_53,train,202,0.25125,5.773985862731934,5.605111122131348,22.98103825962959,3,3,3,3,3,6
1561,bout_1561,202607/2026_07_10_13_27_53,train,387,0.4825,4.316924571990967,3.912745475769043,8.946993931587496,5,5,3,5,2,6
1562,bout_1562,202607/2026_07_10_13_27_53,train,385,0.48,7.910531044006348,7.3652777671813965,16.480273008346558,5,4,5,5,5,4
1563,bout_1563,202607/2026_07_10_13_27_53,train,213,0.265,3.566871166229248,2.7737667560577393,13.459891193317917,2,2,2,2,3,4
1564,bout_1564,202607/2026_07_10_13_27_53,train,278,0.34625,5.7621989250183105,5.5532050132751465,16.641729747345302,3,4,4,4,3,5
1565,bout_1565,202607/2026_07_10_13_27_53,train,544,0.67875,8.43381118774414,7.784187316894531,12.425504512330226,6,5,6,5,6,6
1566,bout_1566,202607/2026_07_10_13_27_53,train,279,0.3475,3.2473185062408447,2.797473192214966,9.344801456808186,3,3,3,3,2,2
1567,bout_1567,202607/2026_07_10_13_27_53,train,220,0.27375,6.139039993286133,5.773653984069824,22.425716870451627,3,3,3,3,3,4
1568,bout_1568,202607/2026_07_10_13_27_53,train,396,0.49375,7.482212066650391,7.027912616729736,15.153847223595728,6,6,4,5,6,4
1569,bout_1569,202607/2026_07_10_13_27_53,train,394,0.49125,9.880428314208984,9.600960731506348,20.11283117396231,5,6,6,5,6,6
1570,bout_1570,202607/2026_07_10_13_27_53,train,185,0.23,3.8457045555114746,3.616684675216675,16.720454589180324,3,2,2,3,3,4
1571,bout_1571,202607/2026_07_10_13_27_53,train,223,0.2775,4.046990871429443,3.7009217739105225,14.583750888034029,4,2,2,3,1,3
1572,bout_1572,202607/2026_07_10_13_27_53,train,794,0.99125,8.119346618652344,5.775936603546143,8.191018026383198,6,7,7,6,6,5
1573,bout_1573,202607/2026_07_10_13_27_53,train,684,0.85375,15.01987361907959,13.65499210357666,17.59282415119132,9,8,8,9,9,9
1574,bout_1574,202607/2026_07_10_13_27_53,train,285,0.355,4.897039413452148,4.719082355499268,13.794477220991968,3,3,4,3,3,3
1575,bout_1575,202607/2026_07_10_13_27_53,train,190,0.23625,4.43221378326416,4.303466796875,18.7606932624938,2,3,2,2,2,3
1576,bout_1576,202607/2026_07_10_13_27_53,train,223,0.2775,4.533908843994141,4.328270435333252,16.338410248627532,3,2,3,3,3,4
1577,bout_1577,202607/2026_07_10_13_27_53,train,287,0.3575,4.4951677322387695,4.099507808685303,12.57389575451404,3,3,4,3,3,3
1578,bout_1578,202607/2026_07_10_13_27_53,train,301,0.375,3.9987869262695312,3.761782646179199,10.663431803385416,4,3,3,3,3,3
1579,bout_1579,202607/2026_07_10_13_27_53,train,248,0.30875,4.553927421569824,3.8322408199310303,14.749562499011576,3,3,3,3,5,3
1580,bout_1580,202607/2026_07_10_13_27_53,train,238,0.29625,5.139204502105713,4.943990230560303,17.347525745504516,3,3,2,3,3,4
1581,bout_1581,202607/2026_07_10_18_30_06,test,323,0.4025,6.3929901123046875,6.143870830535889,15.883205247961955,3,3,3,3,3,3
1582,bout_1582,202607/2026_07_10_18_30_06,test,748,0.93375,7.201046943664551,6.157278060913086,7.711964598302063,5,5,6,5,5,6
1583,bout_1583,202607/2026_07_10_18_30_06,test,318,0.39625,6.3691816329956055,6.2373366355896,16.073644499673453,3,3,3,4,3,3
1584,bout_1584,202607/2026_07_10_18_30_06,test,198,0.24625,4.877910614013672,4.670785427093506,19.808774067060597,3,2,2,2,3,3
1585,bout_1585,202607/2026_07_10_18_30_06,test,873,1.09,12.491775512695312,9.617881774902344,11.460344507059919,8,7,7,8,9,7
1586,bout_1586,202607/2026_07_10_18_30_06,test,465,0.58,8.904003143310547,7.587146759033203,15.351729557431979,5,5,4,5,5,5
1587,bout_1587,202607/2026_07_10_18_30_06,test,270,0.33625,5.2003560066223145,5.0025482177734375,15.465742770623983,2,3,3,2,3,3
1588,bout_1588,202607/2026_07_10_18_30_06,test,686,0.85625,12.066463470458984,11.641273498535156,14.092220111484947,6,6,6,6,6,7
1589,bout_1589,202607/2026_07_10_18_30_06,test,328,0.40875,3.7885844707489014,3.4962520599365234,9.268708185318413,2,4,3,2,4,3
1590,bout_1590,202607/2026_07_10_18_30_06,test,427,0.5325,5.800351619720459,5.444698810577393,10.89267909806659,3,5,4,3,6,5
1591,bout_1591,202607/2026_07_10_18_30_06,test,345,0.43,9.563764572143555,9.079256057739258,22.241312958473383,4,5,5,4,4,5
1592,bout_1592,202607/2026_07_10_18_30_06,test,390,0.48625,5.261317253112793,3.035578727722168,10.820189723625282,3,4,4,3,6,4
1593,bout_1593,202607/2026_07_10_18_30_06,test,320,0.39875,5.280215263366699,4.334246635437012,13.241919155778556,4,3,3,3,5,3
1594,bout_1594,202607/2026_07_10_18_30_06,test,948,1.18375,14.08186149597168,12.504271507263184,11.895975920567416,9,10,8,9,9,10
1595,bout_1595,202607/2026_07_10_18_30_06,test,255,0.3175,4.898623466491699,3.8559863567352295,15.42873532753291,2,4,3,2,5,3
1596,bout_1596,202607/2026_07_10_18_30_06,test,429,0.535,3.718663215637207,3.262011766433716,6.950772365677022,3,3,3,3,3,3
1597,bout_1597,202607/2026_07_10_18_30_06,test,637,0.795,7.253007411956787,6.797582626342773,9.123279763467655,5,4,5,5,6,6
1598,bout_1598,202607/2026_07_11_12_43_27,train,236,0.29375,5.101849555969238,4.8828558921813965,17.367998488405917,3,2,3,3,5,3
1599,bout_1599,202607/2026_07_11_12_43_27,train,157,0.195,2.5446343421936035,2.434173583984375,13.04940688304412,1,2,2,1,2,1
1600,bout_1600,202607/2026_07_11_12_43_27,train,151,0.1875,3.3728718757629395,3.3236911296844482,17.98865000406901,2,2,2,2,2,3
1601,bout_1601,202607/2026_07_11_12_43_27,train,554,0.69125,10.706167221069336,7.9686503410339355,15.48812617876215,6,5,4,6,4,5
1602,bout_1602,202607/2026_07_11_12_43_27,train,236,0.29375,5.046799659729004,4.911749839782715,17.180594586311503,2,3,3,2,2,5
1603,bout_1603,202607/2026_07_11_12_43_27,train,217,0.27,4.383365154266357,4.136941909790039,16.234685756542063,3,2,2,3,3,4
1604,bout_1604,202607/2026_07_11_12_43_27,train,217,0.27,4.668732166290283,4.311233997344971,17.291600615889937,3,3,3,3,3,4
1605,bout_1605,202607/2026_07_11_12_43_27,train,161,0.2,4.134183406829834,3.904771566390991,20.67091703414917,2,3,2,2,2,3
1606,bout_1606,202607/2026_07_11_12_43_27,train,246,0.30625,5.1613874435424805,5.045300483703613,16.853510019730546,2,3,3,2,2,4
1607,bout_1607,202607/2026_07_11_12_43_27,train,279,0.3475,5.184562683105469,4.332467079162598,14.919604843468976,3,4,3,3,3,3
1608,bout_1608,202607/2026_07_11_12_43_27,train,317,0.395,5.926599979400635,5.518489837646484,15.0040505807611,3,3,3,3,3,4
1609,bout_1609,202607/2026_07_11_12_43_27,train,322,0.40125,5.231330394744873,4.972833156585693,13.037583538304979,3,3,3,3,3,4
1610,bout_1610,202607/2026_07_11_12_43_27,train,194,0.24125,3.026426315307617,2.95951509475708,12.544772291430538,3,3,2,2,2,2
1611,bout_1611,202607/2026_07_11_12_43_27,train,149,0.185,3.053372383117676,2.5040440559387207,16.50471558441987,2,3,2,2,2,1
1612,bout_1612,202607/2026_07_11_12_43_27,train,217,0.27,4.448326110839844,4.070215225219727,16.47528189199942,2,3,3,2,2,4
1613,bout_1613,202607/2026_07_11_12_43_27,train,185,0.23,4.379462242126465,4.161890029907227,19.041140183158543,4,2,2,3,2,3
1614,bout_1614,202607/2026_07_11_12_43_27,train,210,0.26125,3.8831169605255127,3.519577741622925,14.863605590528278,2,2,2,3,2,4
1615,bout_1615,202607/2026_07_11_12_43_27,train,167,0.2075,3.311488628387451,3.098623752593994,15.958981341626272,2,2,2,2,2,3
1616,bout_1616,202607/2026_07_11_12_43_27,train,174,0.21625,3.923593521118164,3.737107753753662,18.143785068754514,2,2,2,2,3,4
1617,bout_1617,202607/2026_07_11_12_43_27,train,428,0.53375,7.826903343200684,7.207711696624756,14.663987528244842,4,4,4,5,5,6
1618,bout_1618,202607/2026_07_11_12_43_27,train,818,1.02125,10.025333404541016,6.951476573944092,9.816727935903076,6,7,7,6,6,6
1619,bout_1619,202607/2026_07_11_12_43_27,train,153,0.19,3.8006930351257324,3.7233726978302,20.003647553293327,2,2,2,2,2,3
1620,bout_1620,202607/2026_07_11_12_43_27,train,299,0.3725,7.566112518310547,7.440210342407227,20.311711458551805,4,4,4,4,5,4
1621,bout_1621,202607/2026_07_11_12_43_27,train,429,0.535,5.001524925231934,4.392830848693848,9.348644720059688,3,3,3,3,2,4
1622,bout_1622,202607/2026_07_11_12_43_27,train,204,0.25375,4.473870754241943,4.340564250946045,17.63101775070717,3,3,3,3,4,3
1623,bout_1623,202607/2026_07_11_12_43_27,train,260,0.32375,5.013347625732422,4.501564025878906,15.485243631605938,2,3,3,2,3,4
1624,bout_1624,202607/2026_07_11_12_43_27,train,220,0.27375,5.343674659729004,5.238709926605225,19.52027272960367,2,2,3,2,3,3
1625,bout_1625,202607/2026_07_11_12_43_27,train,244,0.30375,5.852418422698975,5.28458309173584,19.26722114468798,3,3,3,3,3,3
1626,bout_1626,202607/2026_07_11_12_43_27,train,194,0.24125,4.982791423797607,4.43058967590332,20.654057715223242,2,3,3,2,2,4
1627,bout_1627,202607/2026_07_11_12_43_27,train,327,0.4075,4.811305522918701,4.580606460571289,11.8068847188189,3,3,3,4,3,4
1628,bout_1628,202607/2026_07_11_12_43_27,train,188,0.23375,6.680607318878174,6.140233993530273,28.58013826258042,3,2,3,3,4,4
1629,bout_1629,202607/2026_07_11_12_43_27,train,242,0.30125,6.182256698608398,6.058972358703613,20.522013937289287,3,3,3,3,3,3
1630,bout_1630,202607/2026_07_11_12_43_27,train,184,0.22875,4.803761959075928,4.613008975982666,21.000052280113344,3,2,2,3,4,2
1631,bout_1631,202607/2026_07_11_12_43_27,train,172,0.21375,4.73823356628418,4.507091999053955,22.167174579107275,3,2,3,2,3,3
1632,bout_1632,202607/2026_07_11_12_43_27,train,168,0.20875,3.097198009490967,2.7953946590423584,14.836876692172297,2,2,2,2,2,3
1633,bout_1633,202607/2026_07_11_12_43_27,train,230,0.28625,5.126832962036133,4.931130886077881,17.910333491829284,2,3,3,2,3,3
1634,bout_1634,202607/2026_07_11_12_43_27,train,302,0.37625,5.928213119506836,5.702667236328125,15.756048158157705,3,4,4,4,4,4
1635,bout_1635,202607/2026_07_11_12_43_27,train,215,0.2675,4.856581211090088,4.480297088623047,18.15544377977603,2,3,3,2,3,5
1636,bout_1636,202607/2026_07_11_12_43_27,train,199,0.2475,3.699739933013916,3.4599902629852295,14.9484441737936,2,3,2,2,2,4
1637,bout_1637,202607/2026_07_11_12_43_27,train,271,0.3375,4.563924312591553,4.360021114349365,13.52273870397497,3,3,2,3,5,2
1638,bout_1638,202607/2026_07_11_13_42_15,train,464,0.57875,4.354132175445557,4.028903961181641,7.523338532087355,2,3,5,2,3,2
1639,bout_1639,202607/2026_07_11_13_42_15,train,186,0.23125,4.683457374572754,4.247860431671143,20.252788646801097,2,2,3,2,2,3
1640,bout_1640,202607/2026_07_11_13_42_15,train,194,0.24125,6.683249473571777,6.53204870223999,27.702588491489234,2,3,3,3,4,2
1641,bout_1641,202607/2026_07_11_13_42_15,train,168,0.20875,5.806586742401123,5.608407497406006,27.81598439473592,3,2,2,3,3,2
1642,bout_1642,202607/2026_07_11_13_42_15,train,287,0.3575,3.9625141620635986,3.6873748302459717,11.083955698079997,2,3,4,2,2,3
1643,bout_1643,202607/2026_07_11_13_42_15,train,271,0.3375,6.194281101226807,5.8638200759887695,18.353425485116464,3,3,4,4,3,4
1644,bout_1644,202607/2026_07_11_13_42_15,train,326,0.40625,3.7967958450317383,3.5150716304779053,9.345959003155048,3,2,2,3,3,2
1645,bout_1645,202607/2026_07_11_13_42_15,train,158,0.19625,4.170416355133057,3.986584186553955,21.250529198130224,2,2,2,2,3,2
1646,bout_1646,202607/2026_07_11_13_42_15,train,246,0.30625,7.771236896514893,7.5254902839660645,25.375467417191484,4,4,4,4,5,4
1647,bout_1647,202607/2026_07_11_13_42_15,train,303,0.3775,11.314977645874023,11.120963096618652,29.97345071754708,5,4,4,5,6,5
1648,bout_1648,202607/2026_07_11_13_42_15,train,213,0.265,4.090001583099365,3.864470958709717,15.433968238110811,2,2,2,2,3,2
1649,bout_1649,202607/2026_07_11_13_42_15,train,360,0.44875,5.537552833557129,4.818894863128662,12.33995060402703,3,3,4,2,2,3
1650,bout_1650,202607/2026_07_11_13_42_15,train,271,0.3375,4.4321980476379395,4.124955177307129,13.132438659667969,3,3,2,3,2,2
1651,bout_1651,202607/2026_07_11_13_42_15,train,181,0.225,4.352736949920654,4.119734764099121,19.345497555202908,3,2,2,4,3,2
1652,bout_1652,202607/2026_07_11_13_42_15,train,183,0.2275,4.980129241943359,4.767625331878662,21.890677986564217,2,4,3,2,2,2
1653,bout_1653,202607/2026_07_11_13_42_15,train,286,0.35625,4.4932355880737305,3.662102460861206,12.612591124417488,2,4,3,2,5,2
1654,bout_1654,202607/2026_07_11_13_42_15,train,279,0.3475,4.191224098205566,3.3503692150115967,12.061076541598753,2,2,4,2,2,4
1655,bout_1655,202607/2026_07_11_13_42_15,train,382,0.47625,5.385190963745117,4.012158393859863,11.307487587916256,3,6,4,3,4,2
1656,bout_1656,202607/2026_07_11_13_42_15,train,507,0.6325,9.84481143951416,7.636902809143066,15.564919271959148,5,6,5,4,7,5
1657,bout_1657,202607/2026_07_11_13_42_15,train,216,0.26875,6.798769950866699,6.541057109832764,25.297748654387718,3,3,4,3,3,3
1658,bout_1658,202607/2026_07_11_13_42_15,train,368,0.45875,8.743836402893066,8.318499565124512,19.060133848268265,5,5,6,5,4,5
1659,bout_1659,202607/2026_07_11_13_42_15,train,130,0.16125,3.8003056049346924,3.6004586219787598,23.56778669726941,2,2,2,3,2,2
1660,bout_1660,202607/2026_07_11_13_42_15,train,233,0.29,4.707615852355957,4.151286602020264,16.233158111572266,3,3,3,2,4,3
1661,bout_1661,202607/2026_07_11_13_42_15,train,245,0.305,3.6843061447143555,3.4201951026916504,12.079692277751985,2,3,2,2,2,2
1662,bout_1662,202607/2026_07_11_13_42_15,train,477,0.595,5.264495849609375,4.071073055267334,8.847892184217438,4,4,3,4,3,3
1663,bout_1663,202607/2026_07_11_13_42_15,train,290,0.36125,3.9474217891693115,3.475611925125122,10.927119139569028,3,3,4,3,2,3
1664,bout_1664,202607/2026_07_11_13_42_15,train,281,0.35,3.6857528686523438,3.1677777767181396,10.53072248186384,2,2,2,2,2,2
1665,bout_1665,202607/2026_07_11_13_42_15,train,215,0.2675,7.264700889587402,6.948501110076904,27.157760334906175,3,3,4,3,4,4
1666,bout_1666,202607/2026_07_11_13_42_15,train,361,0.45,7.221107006072998,5.999999523162842,16.046904457939995,4,4,5,4,4,5
1667,bout_1667,202607/2026_07_11_13_42_15,train,256,0.31875,4.902644634246826,4.471653938293457,15.380845911362593,3,3,3,3,3,2
1668,bout_1668,202607/2026_07_11_13_42_15,train,237,0.295,4.3104352951049805,3.3106906414031982,14.611645068152477,3,3,2,3,3,5
1669,bout_1669,202607/2026_07_11_13_42_15,train,284,0.35375,4.494901180267334,3.8448984622955322,12.70643443185112,2,3,3,2,2,2
1670,bout_1670,202607/2026_07_11_13_42_15,train,611,0.7625,11.32512092590332,8.90011215209961,14.85261760774206,7,7,7,6,6,6
1671,bout_1671,202607/2026_07_11_13_42_15,train,377,0.47,3.2587809562683105,2.4875967502593994,6.933576502698534,2,2,3,3,3,2
1672,bout_1672,202607/2026_07_11_13_42_15,train,221,0.275,6.439783096313477,6.217294692993164,23.41739307750355,3,3,3,3,3,3
1673,bout_1673,202607/2026_07_11_13_42_15,train,530,0.66125,7.819053649902344,7.360409736633301,11.824655803254963,5,5,5,4,4,6
1674,bout_1674,202607/2026_07_11_13_42_15,train,459,0.5725,3.6233372688293457,2.8380701541900635,6.328973395335102,5,3,3,2,2,4
1675,bout_1675,202607/2026_07_11_13_42_15,train,215,0.2675,3.818565607070923,3.7137935161590576,14.275011615218402,2,2,2,3,2,3
1676,bout_1676,202607/2026_07_11_13_42_15,train,282,0.35125,4.52934455871582,4.0784993171691895,12.89493112801657,3,2,5,3,4,4
1677,bout_1677,202607/2026_07_11_13_42_15,train,265,0.33,3.537151336669922,3.0968234539031982,10.718640414151277,2,3,4,2,3,2
1678,bout_1678,202607/2026_07_11_13_42_15,train,215,0.2675,4.891813278198242,4.562544345855713,18.287152441862588,2,3,3,4,2,3
1679,bout_1679,202607/2026_07_11_13_42_15,train,248,0.30875,4.7362542152404785,3.934760332107544,15.340094624260658,2,3,3,3,2,2
1680,bout_1680,202607/2026_07_11_13_42_15,train,365,0.455,6.849311828613281,6.499847412109375,15.05343259035886,4,4,4,4,3,4
1681,bout_1681,202607/2026_07_11_13_42_15,train,231,0.2875,4.466015815734863,3.7824923992156982,15.53396805472996,3,2,2,2,2,2
1682,bout_1682,202607/2026_07_11_16_46_35,train,941,1.175,11.113636016845703,9.645755767822266,9.458413631358045,7,7,7,6,6,7
1683,bout_1683,202607/2026_07_11_16_46_35,train,250,0.31125,4.656354904174805,4.440706729888916,14.960176398955195,3,4,3,3,3,3
1684,bout_1684,202607/2026_07_11_16_46_35,train,222,0.27625,6.271060943603516,5.82623291015625,22.70067309901725,3,3,3,3,3,3
1685,bout_1685,202607/2026_07_11_16_46_35,train,518,0.64625,10.629264831542969,10.18144702911377,16.447605155192214,5,5,5,5,5,7
1686,bout_1686,202607/2026_07_11_16_46_35,train,399,0.4975,13.940924644470215,13.622020721435547,28.02195908436224,6,5,6,6,6,6
1687,bout_1687,202607/2026_07_11_16_46_35,train,369,0.46,6.911418437957764,6.451755046844482,15.02482269121253,4,3,3,4,4,2
1688,bout_1688,202607/2026_07_11_16_46_35,train,404,0.50375,8.510931015014648,8.209817886352539,16.895148416902526,4,4,4,4,4,5
1689,bout_1689,202607/2026_07_11_16_46_35,train,124,0.15375,4.938601016998291,4.819127082824707,32.12098222437913,2,1,2,2,2,2
1690,bout_1690,202607/2026_07_11_16_46_35,train,171,0.2125,7.981385707855225,7.745919704437256,37.559462154612824,3,2,2,3,3,3
1691,bout_1691,202607/2026_07_11_16_46_35,train,270,0.33625,6.335694313049316,6.115038871765137,18.84221357040689,5,3,3,3,3,4
1692,bout_1692,202607/2026_07_11_16_46_35,train,223,0.2775,5.626646518707275,5.021018028259277,20.276203671017207,5,4,3,2,3,4
1693,bout_1693,202607/2026_07_11_16_46_35,train,205,0.255,6.273151397705078,5.626072883605957,24.6005937164905,4,3,3,3,2,3
1694,bout_1694,202607/2026_07_11_16_46_35,train,518,0.64625,15.58792495727539,14.486408233642578,24.120580204681456,8,8,8,7,8,8
1695,bout_1695,202607/2026_07_11_16_46_35,train,180,0.22375,5.232425689697266,5.126809597015381,23.38514274725035,3,3,2,3,3,3
1696,bout_1696,202607/2026_07_11_16_46_35,train,154,0.19125,5.230917930603027,5.099514961242676,27.351204865898183,2,3,3,2,2,5
1697,bout_1697,202607/2026_07_11_16_46_35,train,328,0.40875,6.269889831542969,6.078726768493652,15.339180016007264,3,3,3,3,3,4
1698,bout_1698,202607/2026_07_11_16_46_35,train,147,0.1825,5.199365139007568,5.119206428527832,28.48967199456202,3,2,1,2,2,3
1699,bout_1699,202607/2026_07_11_16_46_35,train,209,0.26,7.081617832183838,6.435085773468018,27.23699166224553,3,3,3,3,3,5
1700,bout_1700,202607/2026_07_11_16_46_35,train,235,0.2925,5.986729145050049,5.797402381896973,20.467450068547176,3,4,3,2,2,3
1701,bout_1701,202607/2026_07_11_16_46_35,train,193,0.24,6.119784355163574,5.835114479064941,25.49910147984823,3,2,3,3,3,3
1702,bout_1702,202607/2026_07_11_16_46_35,train,186,0.23125,4.6699748039245605,4.566762924194336,20.194485638592692,3,3,2,2,2,4
1703,bout_1703,202607/2026_07_11_16_46_35,train,197,0.245,3.9796218872070312,3.720712423324585,16.24335464166135,2,4,2,2,2,4
1704,bout_1704,202607/2026_07_11_16_46_35,train,909,1.135,23.881519317626953,20.709718704223633,21.040986182931235,12,12,12,12,11,12
1705,bout_1705,202607/2026_07_11_16_46_35,train,187,0.2325,7.665635108947754,7.526407241821289,32.97047358687206,3,4,3,3,3,3
1706,bout_1706,202607/2026_07_11_16_46_35,train,119,0.1475,4.8065009117126465,4.370449542999268,32.58644685906879,2,2,2,2,2,2
1707,bout_1707,202607/2026_07_11_16_46_35,train,319,0.3975,7.715094566345215,7.20945405960083,19.409042934201796,4,3,4,4,5,4
1708,bout_1708,202607/2026_07_11_16_46_35,train,393,0.49,4.634282112121582,4.271617412567139,9.457718596166494,4,4,3,4,2,3
1709,bout_1709,202607/2026_07_11_16_46_35,train,575,0.7175,15.953276634216309,14.287975311279297,22.23453189437813,7,9,8,7,7,7
1710,bout_1710,202607/2026_07_11_16_46_35,train,172,0.21375,5.783028602600098,5.333734035491943,27.055104573567707,3,2,2,3,3,3
1711,bout_1711,202607/2026_07_11_16_46_35,train,364,0.45375,7.88441276550293,7.321696758270264,17.37611628760976,4,4,4,4,5,3
1712,bout_1712,202607/2026_07_11_16_46_35,train,184,0.22875,5.855161666870117,5.402716159820557,25.596335155716357,2,3,3,2,3,3
1713,bout_1713,202607/2026_07_11_16_46_35,train,168,0.20875,4.996716022491455,4.886877536773682,23.936364179599785,2,3,2,3,3,3
1714,bout_1714,202607/2026_07_11_16_46_35,train,209,0.26,4.323772430419922,4.219242572784424,16.629893963153545,2,2,2,3,3,1
1715,bout_1715,202607/2026_07_11_16_46_35,train,663,0.8275,14.176828384399414,11.395405769348145,17.132118893534034,8,7,7,7,8,9
1716,bout_1716,202607/2026_07_11_18_37_36,test,729,0.91,8.822138786315918,4.7489800453186035,9.69465800694057,5,4,4,5,4,4
1717,bout_1717,202607/2026_07_11_18_37_36,test,428,0.53375,12.071439743041992,9.794442176818848,22.61628054902481,4,5,5,5,6,5
1718,bout_1718,202607/2026_07_11_18_37_36,test,214,0.26625,5.465390205383301,5.155755519866943,20.527287156369205,2,2,3,2,3,4
1719,bout_1719,202607/2026_07_11_18_37_36,test,190,0.23625,5.655804634094238,5.41503381729126,23.939913795107888,2,3,3,2,2,4
1720,bout_1720,202607/2026_07_11_18_37_36,test,244,0.30375,6.395516395568848,6.12291145324707,21.0551980101032,2,3,3,2,4,3
1721,bout_1721,202607/2026_07_11_18_37_36,test,212,0.26375,8.206624984741211,7.901587009429932,31.115165818924023,3,3,3,3,4,3
1722,bout_1722,202607/2026_07_11_18_37_36,test,278,0.34625,4.963620662689209,4.588240623474121,14.33536653484248,3,3,3,3,3,3
1723,bout_1723,202607/2026_07_11_18_37_36,test,134,0.16625,4.88066291809082,4.576761245727539,29.35737093588463,2,2,2,1,3,2
1724,bout_1724,202607/2026_07_11_18_37_36,test,205,0.255,5.507200717926025,5.023905277252197,21.596865560494216,3,2,2,3,3,2
1725,bout_1725,202607/2026_07_11_18_37_36,test,185,0.23,6.272309303283691,6.137953281402588,27.270910014276918,3,2,2,3,2,3
1726,bout_1726,202607/2026_07_11_18_37_36,test,320,0.39875,8.638949394226074,8.387648582458496,21.665076850723697,3,4,4,3,4,4
1727,bout_1727,202607/2026_07_11_18_37_36,test,175,0.2175,6.52923059463501,6.376672744750977,30.019451009816137,3,2,3,3,4,3
1728,bout_1728,202607/2026_07_11_18_37_36,test,213,0.265,4.951962947845459,4.679754257202148,18.68665263337909,2,3,3,3,2,5
1729,bout_1729,202607/2026_07_11_18_37_36,test,224,0.27875,4.790587902069092,4.44924783706665,17.185965567960867,2,3,3,2,3,3
1730,bout_1730,202607/2026_07_11_18_37_36,test,424,0.52875,7.609542369842529,7.2050580978393555,14.391569493792016,4,4,4,4,3,4
1731,bout_1731,202607/2026_07_11_18_37_36,test,356,0.44375,8.824185371398926,8.492546081542969,19.885488160898987,4,4,4,4,4,4
1732,bout_1732,202607/2026_07_11_18_37_36,test,257,0.32,7.54620361328125,7.190240383148193,23.581886291503906,4,3,3,4,4,3
1733,bout_1733,202607/2026_07_11_18_37_36,test,170,0.21125,5.056056976318359,4.769464492797852,23.933997521033653,2,2,2,2,4,2
1734,bout_1734,202607/2026_07_11_18_37_36,test,189,0.235,7.986940383911133,7.771631240844727,33.98698035706865,3,3,3,3,5,3
1735,bout_1735,202607/2026_07_11_18_37_36,test,294,0.36625,7.1256489753723145,6.560763359069824,19.455696861084817,4,3,3,4,5,3
1736,bout_1736,202607/2026_07_11_18_37_36,test,281,0.35,8.31689739227295,8.060015678405762,23.762563977922714,4,3,3,4,4,3
1737,bout_1737,202607/2026_07_11_18_37_36,test,214,0.26625,5.657379627227783,5.323162078857422,21.248374186771017,3,2,2,3,3,2
1738,bout_1738,202607/2026_07_11_18_37_36,test,264,0.32875,6.083370685577393,5.701234817504883,18.50454961392363,3,3,3,3,3,3
1739,bout_1739,202607/2026_07_11_18_37_36,test,190,0.23625,5.857137680053711,5.395453453063965,24.792117164248513,3,2,2,3,3,2
1740,bout_1740,202607/2026_07_11_18_37_36,test,176,0.21875,4.974674224853516,4.881446838378906,22.741367885044642,2,3,3,2,4,4
1741,bout_1741,202607/2026_07_11_18_37_36,test,151,0.1875,4.416685581207275,4.258133888244629,23.55565643310547,2,2,2,2,4,2
1742,bout_1742,202607/2026_07_11_18_37_36,test,173,0.215,8.373224258422852,8.152729988098145,38.945229108943494,3,3,3,4,4,3
1743,bout_1743,202607/2026_07_11_18_37_36,test,158,0.19625,5.208583831787109,5.107090950012207,26.54055455687699,2,2,2,3,2,2
1744,bout_1744,202607/2026_07_11_18_37_36,test,185,0.23,6.412770748138428,6.042887210845947,27.881611948427945,3,2,2,3,3,3
1745,bout_1745,202607/2026_07_11_18_37_36,test,549,0.685,14.119985580444336,11.363201141357422,20.61311763568516,8,8,8,8,8,8
1746,bout_1746,202607/2026_07_11_18_37_36,test,161,0.2,4.520263195037842,4.30446195602417,22.60131597518921,3,2,2,2,3,3
1747,bout_1747,202607/2026_07_11_18_37_36,test,293,0.365,6.778688430786133,6.306663513183594,18.57174912544146,3,3,3,3,4,3
1748,bout_1748,202607/2026_07_11_18_37_36,test,195,0.2425,5.248068809509277,5.159093856811523,21.641520863955783,2,2,2,2,3,2
1749,bout_1749,202607/2026_07_11_18_37_36,test,323,0.4025,4.859480857849121,4.652970790863037,12.073244367327009,3,3,2,3,4,4
1750,bout_1750,202607/2026_07_11_18_37_36,test,159,0.1975,4.777285575866699,4.633363723754883,24.188787725907336,1,2,2,2,2,2
1751,bout_1751,202607/2026_07_11_18_37_36,test,163,0.2025,4.0689311027526855,3.9631474018096924,20.093486927173753,2,2,2,2,2,2
1752,bout_1752,202607/2026_07_11_18_37_36,test,346,0.43125,5.143442630767822,4.674663543701172,11.92682349163553,4,3,2,3,2,3
1753,bout_1753,202607/2026_07_11_18_37_36,test,332,0.41375,8.482613563537598,8.295442581176758,20.50178504782501,3,4,4,4,4,4
1754,bout_1754,202607/2026_07_11_18_37_36,test,293,0.365,4.553370475769043,4.2332658767700195,12.474987604846694,4,3,3,3,5,3
1755,bout_1755,202607/2026_07_11_18_37_36,test,160,0.19875,4.852917671203613,4.709216117858887,24.417195829955286,2,2,2,2,2,2
1756,bout_1756,202607/2026_07_11_18_37_36,test,344,0.42875,6.758011341094971,6.31206750869751,15.76212557689789,3,4,4,4,3,5
1757,bout_1757,202607/2026_07_11_18_37_36,test,264,0.32875,6.837586402893066,6.3210530281066895,20.798741909940887,4,3,3,3,5,3
1758,bout_1758,202607/2026_07_11_18_37_36,test,232,0.28875,6.574423313140869,6.391117572784424,22.768565586635045,3,3,3,4,4,3
1759,bout_1759,202607/2026_07_11_18_37_36,test,469,0.585,18.977401733398438,17.834821701049805,32.44000296307426,8,7,7,8,9,7
1760,bout_1760,202607/2026_07_11_18_37_36,test,239,0.2975,7.809274196624756,7.204937934875488,26.249661165125232,4,3,3,4,5,5
1761,bout_1761,202607/2026_07_11_18_37_36,test,175,0.2175,4.599843978881836,4.128237247467041,21.148707948882006,2,2,2,3,3,3
1762,bout_1762,202607/2026_07_11_18_37_36,test,160,0.19875,4.595217704772949,3.927259683609009,23.1205922252727,2,2,2,3,5,2
1763,bout_1763,202607/2026_07_11_18_37_36,test,323,0.4025,5.688869476318359,5.468175888061523,14.13383720824437,4,3,3,3,2,4
1764,bout_1764,202607/2026_07_11_18_37_36,test,139,0.1725,5.502556800842285,5.2856526374816895,31.898880004882816,2,2,2,2,3,2
1765,bout_1765,202607/2026_07_11_18_37_36,test,191,0.2375,4.8368000984191895,4.679813861846924,20.365474098607116,2,3,2,2,2,3
1766,bout_1766,202607/2026_07_11_18_37_36,test,233,0.29,4.736932754516602,4.5023040771484375,16.334250877643456,3,2,2,3,2,2
1767,bout_1767,202607/2026_07_11_18_37_36,test,145,0.18,6.980303764343262,6.8264994621276855,38.77946535746257,2,3,3,5,2,3
1768,bout_1768,202607/2026_07_11_18_37_36,test,242,0.30125,6.447612762451172,6.102531909942627,21.402863941746627,3,3,3,3,3,2
1769,bout_1769,202607/2026_07_11_18_37_36,test,206,0.25625,5.744619369506836,5.399378776550293,22.418026807831556,3,3,3,3,4,4
1770,bout_1770,202607/2026_07_11_18_37_36,test,304,0.37875,9.823565483093262,9.371011734008789,25.936806556021814,4,4,4,4,4,4
1771,bout_1771,202607/2026_07_11_18_37_36,test,260,0.32375,8.372687339782715,7.515946865081787,25.86158251670337,4,3,3,4,6,4
1772,bout_1772,202607/2026_07_11_18_37_36,test,334,0.41625,7.922792911529541,6.298130035400391,19.033736724395293,4,4,4,4,4,4
1773,bout_1773,202607/2026_07_11_18_37_36,test,267,0.3325,4.413917541503906,4.249988555908203,13.274939974447838,2,3,3,2,3,5
1774,bout_1774,202607/2026_07_11_18_37_36,test,173,0.215,5.561501979827881,5.211341381072998,25.867451068966886,3,3,2,3,5,2
1775,bout_1775,202607/2026_07_11_18_37_36,test,174,0.21625,5.457035541534424,5.221275329589844,25.234846434841266,2,2,2,2,4,2
1776,bout_1776,202607/2026_07_11_18_37_36,test,571,0.7125,9.30933666229248,7.633646011352539,13.06573566637541,5,5,5,5,5,4
1777,bout_1777,202607/2026_07_11_18_37_36,test,299,0.3725,9.663290023803711,9.289695739746094,25.94171818470795,4,4,4,4,5,4
1778,bout_1778,202607/2026_07_11_18_37_36,test,211,0.2625,4.6446027755737305,4.137831687927246,17.693724859328498,3,3,2,2,3,2
1779,bout_1779,202607/2026_07_11_18_37_36,test,237,0.295,10.755109786987305,10.534120559692383,36.45799927792307,4,4,4,4,4,4
1780,bout_1780,202607/2026_07_11_18_37_36,test,256,0.31875,4.301583766937256,3.7478749752044678,13.495164759018843,2,4,2,3,1,2
1781,bout_1781,202607/2026_07_11_18_37_36,test,222,0.27625,5.178473949432373,5.043810844421387,18.745607056768772,3,2,2,3,3,2
1782,bout_1782,202607/2026_07_11_18_37_36,test,194,0.24125,4.733353614807129,4.581723690032959,19.620118610599498,2,3,2,2,3,3
1783,bout_1783,202607/2026_07_11_18_37_36,test,428,0.53375,6.00646448135376,4.897339344024658,11.253329239070277,4,3,4,4,6,5
1784,bout_1784,202607/2026_07_11_18_37_36,test,184,0.22875,4.779099464416504,4.482090473175049,20.89223809580985,2,2,3,2,2,2
1785,bout_1785,202607/2026_07_11_18_37_36,test,189,0.235,5.645079612731934,5.518860340118408,24.02161537332738,3,2,2,2,3,2
1786,bout_1786,202607/2026_07_11_18_37_36,test,188,0.23375,5.120779991149902,4.912037372589111,21.907080176042363,2,3,2,2,2,2
1787,bout_1787,202607/2026_07_11_18_37_36,test,388,0.48375,6.518655776977539,4.966684341430664,13.475257420108608,4,4,3,3,3,2
1788,bout_1788,202607/2026_07_11_18_37_36,test,210,0.26125,6.542814254760742,6.3493428230285645,25.044265089993274,3,2,2,3,4,4
1789,bout_1789,202607/2026_07_11_18_37_36,test,243,0.3025,5.894071578979492,5.694452285766602,19.484534145386753,2,3,3,4,3,3
1790,bout_1790,202607/2026_07_11_18_37_36,test,243,0.3025,6.662589073181152,5.058193683624268,22.02508784522695,4,3,2,2,3,2
1791,bout_1791,202607/2026_07_11_18_37_36,test,162,0.20125,4.864002704620361,4.595973491668701,24.168957538486264,2,2,2,2,2,2
1792,bout_1792,202607/2026_07_11_18_37_36,test,209,0.26,6.03737735748291,5.7441606521606445,23.22068214416504,3,2,3,3,3,4
1793,bout_1793,202607/2026_07_11_18_37_36,test,315,0.3925,3.947866439819336,3.495790958404541,10.058258445399582,3,2,2,2,2,2
1794,bout_1794,202607/2026_07_11_18_37_36,test,244,0.30375,5.108823776245117,4.890941619873047,16.81917292590985,2,3,3,2,3,3
1795,bout_1795,202607/2026_07_11_18_37_36,test,374,0.46625,7.2456254959106445,5.935922622680664,15.54021554082712,4,4,4,4,4,4
1796,bout_1796,202607/2026_07_11_18_37_36,test,373,0.465,5.003411293029785,4.466341018676758,10.760024286085558,2,3,3,2,2,2
1797,bout_1797,202607/2026_07_11_18_37_36,test,246,0.30625,10.512706756591797,9.630844116210938,34.32720573580995,4,5,3,4,4,4
1798,bout_1798,202607/2026_07_11_18_37_36,test,166,0.20625,4.585693359375,4.434144020080566,22.233664772727273,3,2,2,2,2,3
1799,bout_1799,202607/2026_07_11_18_37_36,test,276,0.34375,6.257134437561035,6.019633769989014,18.202572909268465,3,3,3,3,3,3
1800,bout_1800,202607/2026_07_11_18_37_36,test,244,0.30375,8.130464553833008,7.467678070068359,26.766961494100435,4,3,3,4,4,3
1801,bout_1801,202607/2026_07_11_18_37_36,test,217,0.27,4.127867221832275,3.8716840744018555,15.288397117897315,2,3,2,2,2,4
1802,bout_1802,202607/2026_07_11_18_37_36,test,201,0.25,5.9660234451293945,5.485744953155518,23.864093780517578,3,2,2,3,4,2
1803,bout_1803,202607/2026_07_11_18_37_36,test,196,0.24375,5.555838584899902,5.037485122680664,22.79318393805088,2,3,3,2,3,3
1804,bout_1804,202607/2026_07_11_18_37_36,test,232,0.28875,4.931344985961914,4.481854438781738,17.078251033634334,3,2,3,3,3,3
1805,bout_1805,202607/2026_07_11_18_37_36,test,456,0.56875,8.416250228881836,6.841830730438232,14.7978026002318,5,4,4,5,5,4
1806,bout_1806,202607/2026_07_11_18_37_36,test,314,0.39125,4.235500335693359,3.8402159214019775,10.825559963433507,2,3,2,3,2,3
1807,bout_1807,202607/2026_07_11_18_37_36,test,170,0.21125,4.660379409790039,4.560797691345215,22.060967620307878,2,2,1,2,2,3
1808,bout_1808,202607/2026_07_11_18_37_36,test,198,0.24625,6.4357686042785645,5.953022480010986,26.135100931080466,3,2,2,3,3,2
1809,bout_1809,202607/2026_07_11_18_37_36,test,452,0.56375,15.588233947753906,13.661591529846191,27.650969308654382,7,7,7,7,9,7
1810,bout_1810,202607/2026_07_11_18_37_36,test,356,0.44375,14.508252143859863,13.232598304748535,32.69465271855744,6,6,5,6,6,5
1811,bout_1811,202607/2026_07_11_18_37_36,test,347,0.4325,5.707623481750488,5.457148551940918,13.19681729884506,3,4,4,3,5,3
1812,bout_1812,202607/2026_07_11_18_37_36,test,222,0.27625,4.088150978088379,3.6420552730560303,14.798736572265625,2,2,2,3,2,2
1813,bout_1813,202607/2026_07_11_18_37_36,test,292,0.36375,10.847089767456055,9.985128402709961,29.820178054862005,4,5,5,4,4,6
1814,bout_1814,202607/2026_07_11_18_37_36,test,229,0.285,4.863101959228516,4.094125747680664,17.063515646415844,2,3,3,3,3,3
1815,bout_1815,202607/2026_07_11_18_37_36,test,318,0.39625,9.56374740600586,9.286031723022461,24.13564014133971,4,4,4,4,5,4
1816,bout_1816,202607/2026_07_11_18_37_36,test,231,0.2875,8.212007522583008,7.5537261962890625,28.563504426375683,3,4,4,3,3,4
1817,bout_1817,202607/2026_07_11_18_37_36,test,180,0.22375,5.94578218460083,5.757531642913818,26.573328199333318,2,3,3,2,2,2
1818,bout_1818,202607/2026_07_11_18_37_36,test,183,0.2275,3.7771122455596924,3.639434576034546,16.602691189273372,3,2,2,2,2,2
1819,bout_1819,202607/2026_07_11_18_37_36,test,223,0.2775,5.614356994628906,5.377752780914307,20.231917097761823,3,2,3,3,3,2
1820,bout_1820,202607/2026_07_11_18_37_36,test,197,0.245,5.725986480712891,5.354217052459717,23.37137339066486,2,3,3,2,3,3
1821,bout_1821,202607/2026_07_11_18_37_36,test,299,0.3725,10.003605842590332,9.225225448608398,26.85531769822908,4,4,4,4,5,4
1822,bout_1822,202607/2026_07_11_18_37_36,test,308,0.38375,6.1797590255737305,5.74000358581543,16.103606581299623,3,2,2,3,4,3
1823,bout_1823,202607/2026_07_11_18_37_36,test,389,0.485,13.197744369506836,12.521044731140137,27.21184406083884,6,5,5,6,7,5
1824,bout_1824,202607/2026_07_11_18_37_36,test,378,0.47125,5.545242786407471,2.974246025085449,11.767093445957498,4,5,3,4,6,2
1825,bout_1825,202607/2026_07_11_18_37_36,test,268,0.33375,4.4066972732543945,4.159679412841797,13.203587335593692,3,3,2,3,3,3
1826,bout_1826,202607/2026_07_11_20_04_52,train,300,0.37375,8.235376358032227,6.504628658294678,22.034451794066158,4,3,3,4,4,3
1827,bout_1827,202607/2026_07_11_20_04_52,train,381,0.475,6.26604700088501,5.823899269104004,13.191677896600021,3,2,2,4,4,2
1828,bout_1828,202607/2026_07_11_20_04_52,train,153,0.19,7.084600448608398,6.925848007202148,37.287370782149466,2,2,3,2,2,2
1829,bout_1829,202607/2026_07_11_20_04_52,train,249,0.31,3.8283448219299316,3.5938193798065186,12.349499425580424,2,2,2,2,4,3
1830,bout_1830,202607/2026_07_11_20_04_52,train,459,0.5725,10.073822021484375,6.292881011962891,17.596195670715066,5,5,5,4,4,5
1831,bout_1831,202607/2026_07_11_20_04_52,train,261,0.325,8.910338401794434,8.668534278869629,27.41642585167518,3,4,4,3,4,4
1832,bout_1832,202607/2026_07_11_20_04_52,train,448,0.55875,4.145892143249512,3.601696729660034,7.419941195972281,2,2,2,4,3,4
1833,bout_1833,202607/2026_07_11_20_04_52,train,235,0.2925,6.166241645812988,5.942428112030029,21.081168019873466,3,2,3,3,5,2
1834,bout_1834,202607/2026_07_11_20_04_52,train,196,0.24375,5.322887420654297,5.106714248657227,21.837486853966347,2,2,2,2,2,2
1835,bout_1835,202607/2026_07_11_20_04_52,train,234,0.29125,6.1987199783325195,5.870187282562256,21.28315872388848,3,3,3,3,3,3
1836,bout_1836,202607/2026_07_11_20_04_52,train,182,0.22625,6.23972225189209,5.712465763092041,27.578882881291005,3,3,3,2,3,3
1837,bout_1837,202607/2026_07_11_20_04_52,train,167,0.2075,4.353349685668945,4.010019779205322,20.979998485151544,2,2,2,2,2,2
1838,bout_1838,202607/2026_07_11_20_04_52,train,200,0.24875,6.419258117675781,6.278632164001465,25.806062784626256,3,2,2,3,3,2
1839,bout_1839,202607/2026_07_11_20_04_52,train,173,0.215,4.449227809906006,4.2457709312438965,20.69408283677212,2,2,2,2,2,3
1840,bout_1840,202607/2026_07_11_20_04_52,train,254,0.31625,9.051773071289062,8.493480682373047,28.62220734004447,4,3,3,4,4,3
1841,bout_1841,202607/2026_07_11_20_04_52,train,342,0.42625,9.36214828491211,8.728983879089355,21.963984246128113,4,6,4,5,5,4
1842,bout_1842,202607/2026_07_11_20_04_52,train,189,0.235,4.862550258636475,4.666957378387451,20.691703228240318,2,3,3,2,3,3
1843,bout_1843,202607/2026_07_11_20_04_52,train,173,0.215,5.046483039855957,4.958455562591553,23.472014138864917,3,2,2,3,3,2
1844,bout_1844,202607/2026_07_11_20_04_52,train,233,0.29,5.314015865325928,5.01017951965332,18.324192639054925,2,3,2,3,2,2
1845,bout_1845,202607/2026_07_11_20_04_52,train,369,0.46,13.058786392211914,12.517855644226074,28.3886660700259,5,6,5,5,6,5
1846,bout_1846,202607/2026_07_11_20_04_52,train,198,0.24625,5.919537544250488,5.738978862762451,24.03873114416442,3,2,2,3,4,3
1847,bout_1847,202607/2026_07_11_20_04_52,train,260,0.32375,4.281675815582275,4.008997440338135,13.225253484424018,3,2,2,3,2,2
1848,bout_1848,202607/2026_07_11_20_04_52,train,307,0.3825,9.30952262878418,9.124414443969727,24.338621251723346,4,4,4,5,5,4
1849,bout_1849,202607/2026_07_11_20_04_52,train,363,0.4525,4.559900760650635,4.278534889221191,10.077128752819082,2,3,3,3,4,4
1850,bout_1850,202607/2026_07_11_20_04_52,train,321,0.4,8.145646095275879,7.673084735870361,20.364115238189697,4,3,3,4,4,3
1851,bout_1851,202607/2026_07_11_20_04_52,train,284,0.35375,4.245553970336914,3.99552583694458,12.001565993885269,2,2,2,4,3,2
1852,bout_1852,202607/2026_07_11_20_04_52,train,266,0.33125,8.103736877441406,7.9366044998168945,24.464111328125,3,4,4,4,3,4
1853,bout_1853,202607/2026_07_11_20_04_52,train,283,0.3525,5.038914680480957,4.741011619567871,14.294793419804135,3,2,2,4,3,2
1854,bout_1854,202607/2026_07_11_20_04_52,train,116,0.14375,3.6591908931732178,3.4838016033172607,25.455240995987605,1,2,2,1,2,2
1855,bout_1855,202607/2026_07_11_20_04_52,train,190,0.23625,8.309359550476074,8.110881805419922,35.17189227714741,3,3,3,3,3,3
1856,bout_1856,202607/2026_07_11_20_04_52,train,215,0.2675,6.6046295166015625,6.385377407073975,24.69020380037967,3,3,3,3,3,3
1857,bout_1857,202607/2026_07_11_20_04_52,train,201,0.25,4.804652690887451,4.68580961227417,19.218610763549805,2,2,2,2,2,2
1858,bout_1858,202607/2026_07_11_20_04_52,train,297,0.37,8.88045597076416,8.555598258972168,24.00123235341665,3,4,4,3,3,4
1859,bout_1859,202607/2026_07_11_20_04_52,train,370,0.46125,10.764923095703125,7.083583354949951,23.338586657350948,5,5,5,5,6,5
1860,bout_1860,202607/2026_07_11_20_04_52,train,173,0.215,5.251010894775391,5.167802810668945,24.423306487327398,3,2,2,3,5,2
1861,bout_1861,202607/2026_07_11_20_04_52,train,333,0.415,7.710554599761963,5.831086158752441,18.579649637980634,4,3,3,4,2,4
1862,bout_1862,202607/2026_07_11_20_04_52,train,214,0.26625,5.168765068054199,4.929784774780273,19.4132021335369,2,3,3,2,2,3
1863,bout_1863,202607/2026_07_11_20_04_52,train,282,0.35125,4.898953437805176,4.68846321105957,13.94719839944534,2,3,3,2,2,2
1864,bout_1864,202607/2026_07_11_20_04_52,train,202,0.25125,5.478865623474121,4.9748454093933105,21.80643034218556,3,2,2,3,4,2
1865,bout_1865,202607/2026_07_11_20_04_52,train,298,0.37125,8.508169174194336,8.294530868530273,22.917627405237265,4,3,5,4,4,4
1866,bout_1866,202607/2026_07_11_20_04_52,train,534,0.66625,12.479543685913086,11.069475173950195,18.731022417880805,7,6,6,6,8,6
1867,bout_1867,202607/2026_07_11_20_04_52,train,205,0.255,6.412539005279541,6.116307735443115,25.147211785409965,3,4,3,3,4,3
1868,bout_1868,202607/2026_07_11_20_04_52,train,234,0.29125,8.078184127807617,7.628148078918457,27.736254516077654,3,4,4,3,3,4
1869,bout_1869,202607/2026_07_11_20_04_52,train,152,0.18875,3.804868221282959,3.699225425720215,20.158242231962696,1,2,2,2,3,2
1870,bout_1870,202607/2026_07_11_20_04_52,train,244,0.30375,5.846627235412598,5.457137107849121,19.248155507531184,2,3,3,2,3,3
1871,bout_1871,202607/2026_07_11_20_04_52,train,440,0.54875,5.16328239440918,4.520161151885986,9.409170650403972,3,3,3,3,9,3
1872,bout_1872,202607/2026_07_11_20_04_52,train,177,0.22,5.085760116577148,4.7931132316589355,23.11709143898704,2,3,3,2,2,3
1873,bout_1873,202607/2026_07_11_20_04_52,train,294,0.36625,7.812351226806641,7.603641510009766,21.330651813806526,5,4,4,4,4,5
1874,bout_1874,202607/2026_07_11_20_04_52,train,486,0.60625,7.130563735961914,6.5867695808410645,11.761754616019653,3,3,4,3,3,3
1875,bout_1875,202607/2026_07_11_20_04_52,train,248,0.30875,3.721766948699951,3.3488917350769043,12.054305906720488,3,3,2,2,1,2
1876,bout_1876,202607/2026_07_11_20_04_52,train,306,0.38125,3.661391496658325,3.4203827381134033,9.603649827300526,3,3,2,4,5,2
1877,bout_1877,202607/2026_07_11_20_04_52,train,249,0.31,7.657827854156494,7.472543716430664,24.702670497279012,4,3,3,4,4,3
1878,bout_1878,202607/2026_07_11_20_04_52,train,185,0.23,7.163967609405518,7.0299530029296875,31.14768525828486,3,3,3,3,4,3
1879,bout_1879,202607/2026_07_11_20_04_52,train,460,0.57375,10.650203704833984,8.486413955688477,18.562446544372957,5,6,6,5,5,5
1880,bout_1880,202607/2026_07_11_20_04_52,train,193,0.24,5.140644073486328,4.849906921386719,21.419350306193035,2,3,3,2,2,3
1881,bout_1881,202607/2026_07_11_20_04_52,train,219,0.2725,7.089254856109619,6.716721534729004,26.015614150860987,3,3,3,3,3,3
1882,bout_1882,202607/2026_07_11_20_04_52,train,339,0.4225,6.075777053833008,5.429685115814209,14.380537405521913,3,3,3,3,4,3
1883,bout_1883,202607/2026_07_11_20_04_52,train,185,0.23,5.383392333984375,5.176435470581055,23.40605362601902,3,3,3,2,2,3
1884,bout_1884,202607/2026_07_11_20_04_52,train,182,0.22625,5.902210235595703,5.723603248596191,26.08711706340642,3,3,3,2,2,3
1885,bout_1885,202607/2026_07_11_20_42_39,train,356,0.44375,5.033974647521973,4.7838239669799805,11.344168219767827,3,4,4,3,3,3
1886,bout_1886,202607/2026_07_11_20_42_39,train,210,0.26125,4.380080223083496,3.976938247680664,16.765857313238264,3,2,2,4,2,2
1887,bout_1887,202607/2026_07_11_20_42_39,train,196,0.24375,5.335599899291992,5.083847522735596,21.88964061247997,3,2,2,2,3,2
1888,bout_1888,202607/2026_07_11_20_42_39,train,212,0.26375,6.05879020690918,5.827134132385254,22.971716424300208,2,3,3,2,3,3
1889,bout_1889,202607/2026_07_11_20_42_39,train,238,0.29625,4.050395965576172,3.915681838989258,13.67222266861155,3,3,2,2,2,3
1890,bout_1890,202607/2026_07_11_20_42_39,train,236,0.29375,4.484202861785889,4.279699325561523,15.265371444377493,3,3,3,3,3,4
1891,bout_1891,202607/2026_07_11_20_42_39,train,381,0.475,15.97896957397461,15.670404434204102,33.63993594520971,7,6,6,7,7,6
1892,bout_1892,202607/2026_07_11_20_42_39,train,151,0.1875,5.8573713302612305,5.723423480987549,31.23931376139323,2,2,2,2,4,2
1893,bout_1893,202607/2026_07_11_20_42_39,train,187,0.2325,4.624504089355469,4.444698333740234,19.890340169270832,2,2,2,2,3,2
1894,bout_1894,202607/2026_07_11_20_42_39,train,214,0.26625,3.333618640899658,3.160149335861206,12.52063339305036,2,2,2,2,2,2
1895,bout_1895,202607/2026_07_11_20_42_39,train,211,0.2625,3.8743903636932373,3.0278160572052,14.759582337879,2,2,2,3,3,2
1896,bout_1896,202607/2026_07_11_20_42_39,train,215,0.2675,8.611967086791992,8.448598861694336,32.19426948333455,3,4,4,3,3,5
1897,bout_1897,202607/2026_07_11_20_42_39,train,161,0.2,4.845681190490723,4.742630481719971,24.228405952453613,2,2,3,2,2,3
1898,bout_1898,202607/2026_07_11_20_42_39,train,268,0.33375,7.851950645446777,7.259830951690674,23.526443881488472,3,4,4,3,3,4
1899,bout_1899,202607/2026_07_11_20_42_39,train,242,0.30125,4.933550834655762,4.553582668304443,16.376932231222444,3,2,3,3,3,3
1900,bout_1900,202607/2026_07_11_20_42_39,train,269,0.335,7.89910364151001,7.213305473327637,23.579413855253758,4,4,4,3,4,5
1901,bout_1901,202607/2026_07_11_20_42_39,train,192,0.23875,4.005882263183594,3.6640052795410156,16.778564453125,2,2,2,2,2,2
1902,bout_1902,202607/2026_07_11_20_42_39,train,159,0.1975,4.054088115692139,3.8357081413269043,20.527028433884247,2,2,2,2,3,2
1903,bout_1903,202607/2026_07_11_20_42_39,train,204,0.25375,5.882839202880859,5.603763580322266,23.18360276997383,3,2,3,3,2,4
1904,bout_1904,202607/2026_07_11_20_42_39,train,215,0.2675,4.003027439117432,3.8073461055755615,14.964588557448343,3,2,2,3,3,2
1905,bout_1905,202607/2026_07_11_20_42_39,train,244,0.30375,4.816800117492676,3.934192657470703,15.85777816458494,3,2,2,3,3,3
1906,bout_1906,202607/2026_07_11_20_42_39,train,233,0.29,5.310755729675293,5.063457489013672,18.31295079198377,3,2,3,3,3,2
1907,bout_1907,202607/2026_07_11_20_42_39,train,141,0.175,3.8636410236358643,3.5414559841156006,22.077948706490655,2,2,2,1,2,2
1908,bout_1908,202607/2026_07_11_20_42_39,train,147,0.1825,3.541410207748413,3.3053085803985596,19.40498743971733,2,2,2,1,2,2
1909,bout_1909,202607/2026_07_11_20_42_39,train,152,0.18875,4.083861827850342,3.934782028198242,21.636354054836247,2,2,2,2,3,2
1910,bout_1910,202607/2026_07_11_20_42_39,train,238,0.29625,5.463217735290527,3.7693495750427246,18.44124130055874,3,3,3,3,2,3
1911,bout_1911,202607/2026_07_11_20_42_39,train,166,0.20625,4.8792219161987305,4.692657470703125,23.656833533084754,2,2,2,2,3,2
1912,bout_1912,202607/2026_07_11_20_42_39,train,252,0.31375,6.619542121887207,6.3928070068359375,21.098142221154447,4,3,3,4,4,3
1913,bout_1913,202607/2026_07_11_20_42_39,train,238,0.29625,3.7982306480407715,3.613737106323242,12.821031723344376,3,3,3,2,2,2
1914,bout_1914,202607/2026_07_11_20_42_39,train,196,0.24375,3.3426904678344727,3.1458466053009033,13.713601919320913,3,3,3,3,2,2
1915,bout_1915,202607/2026_07_11_20_42_39,train,331,0.4125,4.223041534423828,3.8197684288024902,10.237676447088068,2,3,2,3,2,3
1916,bout_1916,202607/2026_07_11_20_42_39,train,213,0.265,3.3137059211730957,3.193732500076294,12.50455064593621,4,2,2,2,2,2
1917,bout_1917,202607/2026_07_11_20_42_39,train,126,0.15625,3.113234519958496,3.0219690799713135,19.924700927734374,1,2,2,2,1,2
1918,bout_1918,202607/2026_07_11_20_42_39,train,224,0.27875,8.591773986816406,8.19482707977295,30.822507576022982,4,3,3,4,4,3
1919,bout_1919,202607/2026_07_11_20_42_39,train,306,0.38125,4.429507732391357,3.5228946208953857,11.618380937419955,3,3,3,3,5,3
1920,bout_1920,202607/2026_07_11_20_42_39,train,310,0.38625,5.8420820236206055,5.268432140350342,15.125131452739433,4,4,3,3,3,4
1921,bout_1921,202607/2026_07_11_20_42_39,train,443,0.5525,12.123814582824707,10.11885929107666,21.94355580601757,6,6,6,6,5,6
1922,bout_1922,202607/2026_07_11_20_42_39,train,265,0.33,4.759902000427246,4.381491661071777,14.423945455840139,2,3,3,2,3,3
1923,bout_1923,202607/2026_07_11_20_42_39,train,243,0.3025,5.917361259460449,5.65944766998291,19.561524824662644,3,3,3,3,3,3
1924,bout_1924,202607/2026_07_11_20_42_39,train,373,0.465,7.511636257171631,3.492891788482666,16.154056467035765,5,3,3,5,4,3
1925,bout_1925,202607/2026_07_11_20_42_39,train,195,0.2425,4.465804100036621,4.308379650115967,18.415687010460292,3,3,3,2,3,3
1926,bout_1926,202607/2026_07_11_20_42_39,train,454,0.56625,11.836369514465332,10.294966697692871,20.903080820247826,7,6,6,7,7,6
1927,bout_1927,202607/2026_07_11_20_42_39,train,258,0.32125,8.490165710449219,8.24898910522461,26.428531394394458,3,4,4,3,4,4
1928,bout_1928,202607/2026_07_11_20_42_39,train,221,0.275,5.459240436553955,5.22677755355835,19.851783405650743,2,3,3,2,4,3
1929,bout_1929,202607/2026_07_11_20_42_39,train,399,0.4975,7.166670322418213,4.466702938079834,14.405367482247664,5,3,3,5,4,3
1930,bout_1930,202607/2026_07_11_20_42_39,train,309,0.385,4.175254821777344,3.7424700260162354,10.844817718902192,3,2,3,4,3,3
1931,bout_1931,202607/2026_07_11_20_42_39,train,393,0.49,3.6659255027770996,3.1143996715545654,7.481480617912449,2,3,5,4,3,3
1932,bout_1932,202607/2026_07_11_20_42_39,train,315,0.3925,4.497309684753418,4.285273551940918,11.458113846505523,3,3,3,3,3,3
1933,bout_1933,202607/2026_07_11_20_42_39,train,322,0.40125,4.774573802947998,4.370450496673584,11.899249353141428,3,3,3,3,3,3
1934,bout_1934,202607/2026_07_11_20_42_39,train,365,0.455,3.377209186553955,3.014373302459717,7.422437772646055,6,3,3,2,2,3
1935,bout_1935,202607/2026_07_11_20_42_39,train,625,0.78,12.294236183166504,9.115291595458984,15.761841260469875,7,8,7,7,7,7
1936,bout_1936,202607/2026_07_11_20_42_39,train,227,0.2825,4.275832176208496,4.037095546722412,15.135689119322112,2,3,3,2,2,3
1937,bout_1937,202607/2026_07_11_20_42_39,train,367,0.4575,4.457380771636963,3.986217975616455,9.742908790463307,3,4,3,2,3,3
1938,bout_1938,202607/2026_07_11_20_42_39,train,264,0.32875,5.546784400939941,5.265188694000244,16.872347987650013,4,3,4,3,4,3
1939,bout_1939,202607/2026_07_11_20_42_39,train,236,0.29375,7.269747734069824,7.14559268951416,24.748077392578125,3,3,3,3,3,3
1940,bout_1940,202607/2026_07_11_20_42_39,train,129,0.16,5.699355125427246,5.511957168579102,35.62096953392029,2,2,2,2,2,2
1941,bout_1941,202607/2026_07_11_20_42_39,train,253,0.315,4.444095134735107,4.273865699768066,14.108238522968595,2,3,3,2,3,3
1942,bout_1942,202607/2026_07_11_20_42_39,train,170,0.21125,4.697177886962891,4.595001697540283,22.235161595090606,2,2,2,2,2,3
1943,bout_1943,202607/2026_07_11_20_42_39,train,505,0.63,7.603610038757324,4.216308116912842,12.069222283741784,6,5,5,5,4,5
1944,bout_1944,202607/2026_07_11_20_42_39,train,391,0.4875,11.583599090576172,11.293084144592285,23.761228903745995,5,5,5,5,5,5
1945,bout_1945,202607/2026_07_11_20_42_39,train,338,0.42125,4.860576629638672,4.519520282745361,11.538460841872217,3,2,3,4,4,3
1946,bout_1946,202607/2026_07_11_20_42_39,train,172,0.21375,5.5620880126953125,5.334113121032715,26.021464386878655,3,2,3,3,3,2
1947,bout_1947,202607/2026_07_11_20_42_39,train,192,0.23875,7.6759352684021,7.406535625457764,32.15051421320251,3,3,3,3,3,3
1948,bout_1948,202607/2026_07_11_20_42_39,train,224,0.27875,6.356233596801758,5.643192768096924,22.80263173740541,3,3,3,3,3,3
1949,bout_1949,202607/2026_07_11_20_42_39,train,223,0.2775,6.376537799835205,6.108578205108643,22.978514594000735,3,3,3,3,3,3
1950,bout_1950,202607/2026_07_11_20_42_39,train,137,0.17,4.56350040435791,4.440685272216797,26.844120025634762,1,2,2,2,1,2
1951,bout_1951,202607/2026_07_11_20_42_39,train,319,0.3975,7.420825004577637,7.098835468292236,18.668742149880845,3,4,4,4,4,4
1952,bout_1952,202607/2026_07_11_20_42_39,train,555,0.6925,8.769546508789062,8.21337604522705,12.663605066843411,5,4,4,5,7,4
1953,bout_1953,202607/2026_07_11_20_42_39,train,391,0.4875,6.547336101531982,6.117623329162598,13.430433028783554,4,3,2,4,4,4
1954,bout_1954,202607/2026_07_11_20_42_39,train,252,0.31375,6.5892534255981445,6.172389507293701,21.00160454373911,3,3,3,3,3,4
1955,bout_1955,202607/2026_07_11_21_56_19,train,153,0.19,6.913026809692383,6.685091972351074,36.38435162995991,3,2,2,2,3,2
1956,bout_1956,202607/2026_07_11_21_56_19,train,125,0.155,5.480440616607666,5.42353630065918,35.357681397468816,2,2,2,2,2,3
1957,bout_1957,202607/2026_07_11_21_56_19,train,225,0.28,5.530925273895264,5.240022659301758,19.75330454962594,3,3,3,3,3,2
1958,bout_1958,202607/2026_07_11_21_56_19,train,167,0.2075,5.465288162231445,5.046133518218994,26.338738131235882,2,2,2,2,2,2
1959,bout_1959,202607/2026_07_11_21_56_19,train,241,0.3,8.737489700317383,8.194605827331543,29.12496566772461,3,4,4,3,3,4
1960,bout_1960,202607/2026_07_11_21_56_19,train,179,0.2225,5.1535258293151855,5.004634857177734,23.161913839618812,2,3,2,2,2,2
1961,bout_1961,202607/2026_07_11_21_56_19,train,165,0.205,5.58179235458374,5.278849124908447,27.22825538821337,2,3,3,2,3,3
1962,bout_1962,202607/2026_07_11_21_56_19,train,205,0.255,8.394241333007812,8.155499458312988,32.91859346277573,3,3,3,3,4,3
1963,bout_1963,202607/2026_07_11_21_56_19,train,195,0.2425,7.5293049812316895,6.871171474456787,31.04868033497604,3,3,3,3,3,3
1964,bout_1964,202607/2026_07_11_21_56_19,train,198,0.24625,7.100122928619385,6.78238582611084,28.832986512159938,3,3,3,3,3,3
1965,bout_1965,202607/2026_07_11_21_56_19,train,160,0.19875,5.423467636108398,5.200610160827637,27.28788747727496,2,3,2,2,2,3
1966,bout_1966,202607/2026_07_11_21_56_19,train,167,0.2075,5.011703014373779,4.654431343078613,24.152785611439903,2,3,2,3,3,2
1967,bout_1967,202607/2026_07_11_21_56_19,train,219,0.2725,6.298399925231934,6.031697750091553,23.113394221034618,3,3,2,3,3,2
1968,bout_1968,202607/2026_07_11_21_56_19,train,154,0.19125,5.671894073486328,4.973428726196289,29.656962475745505,2,3,3,2,2,3
1969,bout_1969,202607/2026_07_11_21_56_19,train,169,0.21,6.975163459777832,6.05148983001709,33.21506409418016,3,3,3,3,3,3
1970,bout_1970,202607/2026_07_11_21_56_19,train,167,0.2075,5.319321632385254,4.939754486083984,25.635284975350622,3,2,2,3,3,2
1971,bout_1971,202607/2026_07_11_21_56_19,train,157,0.195,5.448014259338379,5.326207160949707,27.93853466327374,2,2,2,3,3,2
1972,bout_1972,202607/2026_07_11_21_56_19,train,166,0.20625,6.316527366638184,5.942204475402832,30.625587232185133,2,3,3,2,2,3
1973,bout_1973,202607/2026_07_11_21_56_19,train,286,0.35625,8.91836166381836,8.495179176330566,25.033997652823466,4,5,4,4,4,5
1974,bout_1974,202607/2026_07_11_21_56_19,train,180,0.22375,4.271528720855713,3.922297954559326,19.090631154662404,2,3,2,2,3,2
1975,bout_1975,202607/2026_07_11_21_56_19,train,135,0.1675,4.495362281799316,4.391345977783203,26.837983771936216,2,2,2,2,2,2
1976,bout_1976,202607/2026_07_11_21_56_19,train,272,0.33875,9.448619842529297,8.061422348022461,27.8926047011935,4,4,4,4,4,5
1977,bout_1977,202607/2026_07_11_21_56_19,train,140,0.17375,4.630971908569336,4.374798774719238,26.653075732773157,2,2,2,2,2,3
1978,bout_1978,202607/2026_07_11_21_56_19,train,241,0.3,5.0491485595703125,4.851939678192139,16.83049519856771,2,3,3,2,3,3
1979,bout_1979,202607/2026_07_11_21_56_19,train,134,0.16625,4.69061279296875,4.526449680328369,28.214212288533833,2,2,2,2,2,4
1980,bout_1980,202607/2026_07_11_21_56_19,train,244,0.30375,9.45811653137207,9.293453216552734,31.137832202047967,4,4,4,4,4,4
1981,bout_1981,202607/2026_07_11_21_56_19,train,170,0.21125,5.434320449829102,4.673393249511719,25.72459384534486,2,3,3,3,2,3
1982,bout_1982,202607/2026_07_11_21_56_19,train,209,0.26,6.170196533203125,6.085122108459473,23.731525127704327,3,4,3,3,3,3
1983,bout_1983,202607/2026_07_11_21_56_19,train,182,0.22625,5.004404067993164,4.691580772399902,22.11891300770459,2,3,3,2,2,3
1984,bout_1984,202607/2026_07_11_21_56_19,train,229,0.285,7.3555402755737305,6.779667377471924,25.808913247627128,4,3,3,4,4,4
1985,bout_1985,202607/2026_07_11_21_56_19,train,209,0.26,4.165645122528076,4.059384346008301,16.02171200972337,2,3,3,2,2,2
1986,bout_1986,202607/2026_07_11_21_56_19,train,233,0.29,8.96585750579834,8.581554412841797,30.91675001999428,4,4,4,4,4,4
1987,bout_1987,202607/2026_07_11_21_56_19,train,174,0.21625,5.224340915679932,5.150868892669678,24.158801922219336,2,2,2,3,2,2
1988,bout_1988,202607/2026_07_11_21_56_19,train,214,0.26625,6.027426719665527,5.696617603302002,22.63822242127898,2,3,3,2,3,3
1989,bout_1989,202607/2026_07_11_21_56_19,train,279,0.3475,5.916428089141846,5.565601825714111,17.025692342854235,3,4,4,3,3,3
1990,bout_1990,202607/2026_07_11_21_56_19,train,189,0.235,6.942631244659424,6.83568811416626,29.543111679401804,3,3,3,3,3,3
1991,bout_1991,202607/2026_07_11_21_56_19,train,398,0.49625,6.9659647941589355,6.09866189956665,14.037208653216998,4,5,5,4,4,4
1992,bout_1992,202607/2026_07_11_21_56_19,train,306,0.38125,8.442882537841797,8.190691947937012,22.145265673027666,4,4,4,4,4,4
1993,bout_1993,202607/2026_07_11_21_56_19,train,177,0.22,5.838715553283691,5.608249187469482,26.539616151289508,2,3,3,2,2,3
1994,bout_1994,202607/2026_07_11_21_56_19,train,127,0.1575,5.738144874572754,5.66920280456543,36.4326658703032,2,2,2,2,2,2
1995,bout_1995,202607/2026_07_11_21_56_19,train,238,0.29625,4.256235122680664,3.9685215950012207,14.36703838879549,4,3,3,3,2,3
1996,bout_1996,202607/2026_07_11_21_56_19,train,200,0.24875,5.287491798400879,4.974792957305908,21.256248435782428,2,3,3,2,2,3
1997,bout_1997,202607/2026_07_11_21_56_19,train,218,0.27125,7.315493583679199,6.802915573120117,26.969561598817325,3,3,3,3,3,3
1998,bout_1998,202607/2026_07_11_21_56_19,train,173,0.215,5.347512722015381,5.0448317527771,24.872152195420377,3,2,2,2,2,2
1999,bout_1999,202607/2026_07_11_21_56_19,train,187,0.2325,5.35607385635376,5.181209564208984,23.036876801521547,2,3,3,2,2,3
2000,bout_2000,202607/2026_07_11_21_56_19,train,232,0.28875,6.66843318939209,6.344249725341797,23.0941409156436,3,3,3,3,3,4
2001,bout_2001,202607/2026_07_11_21_56_19,train,156,0.19375,5.223377227783203,4.962055206298828,26.959366336945564,2,2,2,2,3,2
2002,bout_2002,202607/2026_07_11_21_56_19,train,381,0.475,13.268181800842285,12.024106979370117,27.93301431756271,6,6,6,5,5,6
2003,bout_2003,202607/2026_07_11_21_56_19,train,170,0.21125,4.695943832397461,4.425129413604736,22.22931991667437,2,2,2,2,2,2
2004,bout_2004,202607/2026_07_11_21_56_19,train,208,0.25875,6.287859916687012,6.0449628829956055,24.300907890577825,3,3,3,3,3,3
2005,bout_2005,202607/2026_07_11_21_56_19,train,218,0.27125,6.140191555023193,5.408198833465576,22.63665089409472,4,3,2,3,3,3
2006,bout_2006,202607/2026_07_11_21_56_19,train,177,0.22,5.503756999969482,5.403931140899658,25.017077272588555,2,3,3,2,2,3
2007,bout_2007,202607/2026_07_11_21_56_19,train,181,0.225,5.182643890380859,4.445492744445801,23.033972846137154,2,3,3,2,2,3
2008,bout_2008,202607/2026_07_11_21_56_19,train,200,0.24875,4.9129204750061035,4.55032205581665,19.750434070376297,3,3,3,2,3,2
2009,bout_2009,202607/2026_07_11_21_56_19,train,93,0.115,2.9730894565582275,2.910447835922241,25.8529517961585,1,2,2,1,1,2
2010,bout_2010,202607/2026_07_11_21_56_19,train,190,0.23625,6.042536735534668,5.752773284912109,25.576875071046214,3,3,3,3,2,3
2011,bout_2011,202607/2026_07_11_21_56_19,train,125,0.155,4.07838249206543,3.9894983768463135,26.312145110099546,2,1,1,2,2,2
2012,bout_2012,202607/2026_07_11_21_56_19,train,191,0.2375,6.224940299987793,5.516814708709717,26.210274947317025,2,3,3,2,2,4
2013,bout_2013,202607/2026_07_11_21_56_19,train,260,0.32375,8.43453598022461,8.251900672912598,26.05262078833856,3,4,4,3,3,4
2014,bout_2014,202607/2026_07_11_21_56_19,train,155,0.1925,4.87296199798584,4.585236549377441,25.31408830122514,2,2,2,2,2,2
2015,bout_2015,202607/2026_07_11_21_56_19,train,171,0.2125,5.449093818664551,5.346752166748047,25.642794440774356,2,2,2,2,2,2
2016,bout_2016,202607/2026_07_11_21_56_19,train,361,0.45,6.563592910766602,4.846795082092285,14.585762023925781,4,4,4,4,4,3
2017,bout_2017,202607/2026_07_11_21_56_19,train,162,0.20125,4.312497138977051,4.198055744171143,21.428557212308327,2,2,2,2,2,2
2018,bout_2018,202607/2026_07_11_21_56_19,train,161,0.2,5.4616875648498535,5.281466484069824,27.308437824249268,3,2,2,3,3,2
2019,bout_2019,202607/2026_07_11_21_56_19,train,206,0.25625,7.356851577758789,7.013071060180664,28.709664693692837,3,3,3,3,3,3
2020,bout_2020,202607/2026_07_11_21_56_19,train,253,0.315,5.758783340454102,5.555717468261719,18.281851874457466,3,3,3,4,3,3
2021,bout_2021,202607/2026_07_11_21_56_19,train,188,0.23375,6.496892929077148,6.356741428375244,27.79419434899315,3,3,2,3,3,3
2022,bout_2022,202607/2026_07_11_21_56_19,train,271,0.3375,8.810043334960938,8.48529052734375,26.103832103587962,4,3,4,4,4,4
2023,bout_2023,202607/2026_07_11_21_56_19,train,202,0.25125,4.36000919342041,3.5516908168792725,17.353270421573775,3,2,2,3,3,3
2024,bout_2024,202607/2026_07_11_21_56_19,train,244,0.30375,7.64328670501709,7.455097198486328,25.163083802525396,4,3,3,4,4,3
2025,bout_2025,202607/2026_07_11_21_56_19,train,207,0.2575,5.609194755554199,5.359660625457764,21.783280604093978,2,3,3,2,3,3
2026,bout_2026,202607/2026_07_11_21_56_19,train,133,0.165,4.521233558654785,4.296009540557861,27.401415506998696,2,2,2,2,2,2
2027,bout_2027,202607/2026_07_11_21_56_19,train,1060,1.32375,13.47468376159668,10.496084213256836,10.179175646154244,8,7,7,8,7,8
2028,bout_2028,202607/2026_07_11_21_56_19,train,190,0.23625,4.8654890060424805,4.526671409606934,20.59466245943907,3,2,2,3,3,2
2029,bout_2029,202607/2026_07_11_21_56_19,train,345,0.43,10.151403427124023,9.809271812438965,23.607914946800054,4,5,5,5,4,5
2030,bout_2030,202607/2026_07_11_21_56_19,train,216,0.26875,6.519300937652588,5.880630016326904,24.25786395405614,3,3,3,4,3,4
2031,bout_2031,202607/2026_07_11_21_56_19,train,288,0.35875,7.718307971954346,7.388042449951172,21.51444730858354,4,3,3,4,4,3
2032,bout_2032,202607/2026_07_11_21_56_19,train,248,0.30875,8.870575904846191,8.707945823669434,28.730610218125314,3,4,4,4,4,4
2033,bout_2033,202607/2026_07_11_21_56_19,train,340,0.42375,3.296107769012451,3.04270339012146,7.778425413598705,5,2,3,2,3,2
2034,bout_2034,202607/2026_07_11_21_56_19,train,282,0.35125,8.290197372436523,8.052001953125,23.601985401954515,4,4,4,4,4,4
2035,bout_2035,202607/2026_07_11_21_56_19,train,225,0.28,4.981777191162109,4.8375468254089355,17.792061397007533,3,3,2,3,3,3
2036,bout_2036,202607/2026_07_11_21_56_19,train,233,0.29,4.960676193237305,4.773817539215088,17.105779976680363,3,2,2,3,3,3
2037,bout_2037,202607/2026_07_11_21_56_19,train,461,0.575,12.52589225769043,10.080263137817383,21.78416044815727,7,6,6,7,7,6
2038,bout_2038,202607/2026_07_11_21_56_19,train,169,0.21,4.564305305480957,4.160690784454346,21.734787168956938,2,2,2,2,3,2
2039,bout_2039,202607/2026_07_11_21_56_19,train,213,0.265,7.290342330932617,6.900094985961914,27.510725777104213,3,4,4,3,3,4
2040,bout_2040,202607/2026_07_11_21_56_19,train,167,0.2075,4.8238749504089355,4.604762077331543,23.247590122452703,3,2,2,2,2,3
2041,bout_2041,202607/2026_07_11_21_56_19,train,200,0.24875,5.652207374572754,5.20756196975708,22.72244170682514,3,3,3,3,3,3
2042,bout_2042,202607/2026_07_11_21_56_19,train,219,0.2725,6.266863822937012,6.109973907470703,22.997665405273438,3,3,3,3,3,3
2043,bout_2043,202607/2026_07_11_21_56_19,train,277,0.345,6.030839920043945,5.167959690093994,17.480695420417234,3,4,4,3,2,4
2044,bout_2044,202607/2026_07_11_21_56_19,train,144,0.17875,4.2358574867248535,4.173973560333252,23.69710482083834,2,3,2,2,2,2
2045,bout_2045,202607/2026_07_11_21_56_19,train,288,0.35875,4.613832950592041,4.2614569664001465,12.860858398862831,2,3,3,2,2,3
2046,bout_2046,202607/2026_07_11_21_56_19,train,287,0.3575,7.050847053527832,6.054492473602295,19.722649100777154,4,3,3,4,4,4
2047,bout_2047,202607/2026_07_11_21_56_19,train,209,0.26,5.493417739868164,5.089731216430664,21.128529768723705,3,3,2,3,3,3
2048,bout_2048,202607/2026_07_11_21_56_19,train,332,0.41375,11.949836730957031,11.553641319274902,28.881780618627264,5,5,5,5,5,5
2049,bout_2049,202607/2026_07_11_21_56_19,train,196,0.24375,4.341961860656738,4.0081377029418945,17.813176864232773,3,2,3,3,4,2
2050,bout_2050,202607/2026_07_11_21_56_19,train,175,0.2175,4.398940086364746,4.102560043334961,20.225011891332166,2,2,3,2,2,3
2051,bout_2051,202607/2026_07_11_21_56_19,train,327,0.4075,7.6494140625,7.311071395874023,18.771568251533743,4,4,4,4,4,4
2052,bout_2052,202607/2026_07_11_21_56_19,train,161,0.2,4.523314952850342,4.464395046234131,22.61657476425171,2,2,2,2,2,2
2053,bout_2053,202607/2026_07_11_21_56_19,train,180,0.22375,5.207791328430176,5.042850971221924,23.275045043263354,2,2,2,2,3,2
2054,bout_2054,202607/2026_07_11_21_56_19,train,498,0.62125,11.576557159423828,9.606074333190918,18.63429723850918,7,7,6,7,7,6
2055,bout_2055,202607/2026_07_11_21_56_19,train,281,0.35,7.067628860473633,6.760194778442383,20.19322531563895,4,4,4,4,4,3
2056,bout_2056,202607/2026_07_11_21_56_19,train,176,0.21875,4.305543899536133,3.9432437419891357,19.682486397879465,2,2,2,2,2,2
2057,bout_2057,202607/2026_07_11_21_56_19,train,538,0.67125,4.842556476593018,4.038946628570557,7.214236836637642,4,3,3,4,3,5
2058,bout_2058,202607/2026_07_11_21_56_19,train,405,0.505,8.707470893859863,7.272725582122803,17.24251662150468,4,5,5,4,3,4
2059,bout_2059,202607/2026_07_11_21_56_19,train,318,0.39625,10.417415618896484,9.918449401855469,26.290007871032138,5,5,5,4,4,5
2060,bout_2060,202607/2026_07_11_21_56_19,train,192,0.23875,4.263019561767578,4.0861077308654785,17.85557931630399,3,2,2,3,2,2
2061,bout_2061,202607/2026_07_11_21_56_19,train,184,0.22875,5.971203804016113,5.787575721740723,26.103623186955687,2,3,3,2,2,3
2062,bout_2062,202607/2026_07_12_15_18_45,train,258,0.32125,4.880717754364014,4.609676837921143,15.192895733428838,3,3,2,3,3,2
2063,bout_2063,202607/2026_07_12_15_18_45,train,229,0.285,5.143696308135986,4.9861931800842285,18.048057221529778,3,3,3,2,2,4
2064,bout_2064,202607/2026_07_12_15_18_45,train,369,0.46,8.640802383422852,8.211418151855469,18.78435300744098,4,4,4,4,4,4
2065,bout_2065,202607/2026_07_12_15_18_45,train,380,0.47375,4.687838554382324,4.407892227172852,9.895173729566912,3,4,2,3,2,4
2066,bout_2066,202607/2026_07_12_15_18_45,train,338,0.42125,5.022737503051758,4.47532320022583,11.92341247015254,3,3,3,3,3,3
2067,bout_2067,202607/2026_07_12_15_18_45,train,347,0.4325,7.4202094078063965,6.116108417510986,17.156553544061033,4,5,4,4,4,3
2068,bout_2068,202607/2026_07_12_15_18_45,train,199,0.2475,5.95937442779541,5.6737284660339355,24.078280516345092,2,3,3,2,3,3
2069,bout_2069,202607/2026_07_12_15_18_45,train,188,0.23375,8.382684707641602,8.116671562194824,35.86175275996407,3,4,3,3,3,4
2070,bout_2070,202607/2026_07_12_15_18_45,train,145,0.18,4.679722309112549,4.428943157196045,25.998457272847496,2,2,2,2,2,3
2071,bout_2071,202607/2026_07_12_15_18_45,train,105,0.13,3.6026480197906494,3.5148966312408447,27.712677075312687,1,2,2,2,1,2
2072,bout_2072,202607/2026_07_12_15_18_45,train,259,0.3225,6.952587604522705,6.569920063018799,21.558411176814587,3,4,3,3,4,3
2073,bout_2073,202607/2026_07_12_15_18_45,train,169,0.21,4.46143913269043,4.0184760093688965,21.24494825090681,3,3,2,3,3,2
2074,bout_2074,202607/2026_07_12_15_18_45,train,146,0.18125,4.42997407913208,4.19866418838501,24.441236298659753,2,2,2,2,2,3
2075,bout_2075,202607/2026_07_12_15_18_45,train,255,0.3175,7.623642921447754,7.31949520111084,24.011473768339382,3,3,3,3,3,3
2076,bout_2076,202607/2026_07_12_15_18_45,train,330,0.41125,9.526424407958984,8.960484504699707,23.164557830903306,4,6,5,4,4,5
2077,bout_2077,202607/2026_07_12_15_18_45,train,206,0.25625,4.631226539611816,4.509486675262451,18.073079178972943,2,2,2,3,2,2
2078,bout_2078,202607/2026_07_12_15_18_45,train,202,0.25125,5.911555290222168,5.704861164093018,23.52857826954097,3,3,3,3,3,3
2079,bout_2079,202607/2026_07_12_15_18_45,train,231,0.2875,7.014433860778809,6.529994010925293,24.398030820100207,3,3,3,4,3,3
2080,bout_2080,202607/2026_07_12_15_18_45,train,205,0.255,6.812041282653809,6.638360500335693,26.713887382956113,3,3,3,3,3,2
2081,bout_2081,202607/2026_07_12_15_18_45,train,220,0.27375,6.41086483001709,6.240116119384766,23.41868431056471,3,3,2,3,3,3
2082,bout_2082,202607/2026_07_12_15_18_45,train,303,0.3775,10.25633716583252,9.676413536071777,27.169105075053032,4,4,4,4,4,4
2083,bout_2083,202607/2026_07_12_15_18_45,train,216,0.26875,9.00243854522705,8.608297348022461,33.49744574968205,4,3,3,4,4,3
2084,bout_2084,202607/2026_07_12_15_18_45,train,255,0.3175,4.694699764251709,3.9297680854797363,14.786455950399084,3,3,3,3,2,3
2085,bout_2085,202607/2026_07_12_15_18_45,train,241,0.3,8.408624649047852,8.18371295928955,28.028748830159508,4,4,4,3,3,4
2086,bout_2086,202607/2026_07_12_15_18_45,train,180,0.22375,6.5920915603637695,6.286851406097412,29.461861722296177,2,3,3,2,2,3
2087,bout_2087,202607/2026_07_12_15_18_45,train,348,0.43375,8.090539932250977,7.329804420471191,18.652541630549802,5,5,4,4,4,4
2088,bout_2088,202607/2026_07_12_15_18_45,train,245,0.305,8.132562637329102,7.870987892150879,26.664139794521645,4,3,3,4,4,3
2089,bout_2089,202607/2026_07_12_15_18_45,train,370,0.46125,12.25106430053711,11.250646591186523,26.560573009294547,5,5,5,6,5,5
2090,bout_2090,202607/2026_07_12_15_18_45,train,163,0.2025,5.586234092712402,5.3455939292907715,27.586341198579763,2,2,3,2,2,2
2091,bout_2091,202607/2026_07_12_15_18_45,train,289,0.36,6.846890449523926,6.417922019958496,19.01914013756646,4,4,4,3,3,4
2092,bout_2092,202607/2026_07_12_15_18_45,train,407,0.5075,6.100006103515625,4.179842472076416,12.019716460129311,4,5,4,4,4,4
2093,bout_2093,202607/2026_07_12_15_18_45,train,178,0.22125,5.4978203773498535,5.113958835601807,24.84890566033832,2,3,3,2,2,4
2094,bout_2094,202607/2026_07_12_15_18_45,train,312,0.38875,9.512674331665039,9.22984790802002,24.469901817787882,4,4,4,5,4,5
2095,bout_2095,202607/2026_07_12_15_18_45,train,444,0.55375,9.327194213867188,6.07774019241333,16.843691582604404,6,5,5,4,4,6
2096,bout_2096,202607/2026_07_12_15_18_45,train,356,0.44375,5.133058547973633,4.254121780395508,11.567455882757484,3,3,4,3,3,2
2097,bout_2097,202607/2026_07_12_15_18_45,train,150,0.18625,3.2854065895080566,3.1720876693725586,17.63976692353319,1,2,2,2,2,2
2098,bout_2098,202607/2026_07_12_15_18_45,train,232,0.28875,5.920528411865234,5.648868560791016,20.50399449996618,3,3,3,4,3,3
2099,bout_2099,202607/2026_07_12_15_18_45,train,285,0.355,10.504106521606445,10.27566146850586,29.589032455229425,4,5,6,4,4,4
2100,bout_2100,202607/2026_07_12_15_18_45,train,195,0.2425,5.778474807739258,5.3748860359191895,23.828762093770138,3,3,2,3,3,3
2101,bout_2101,202607/2026_07_12_15_18_45,train,145,0.18,5.12881326675415,5.007894515991211,28.49340703752306,2,2,2,2,3,2
2102,bout_2102,202607/2026_07_12_15_18_45,train,141,0.175,4.922962188720703,4.704793453216553,28.131212506975448,2,2,2,2,2,3
2103,bout_2103,202607/2026_07_12_15_18_45,train,281,0.35,14.495567321777344,13.981228828430176,41.415906633649556,5,5,5,5,8,6
2104,bout_2104,202607/2026_07_12_15_18_45,train,197,0.245,8.188773155212402,7.737554550170898,33.42356389882613,3,3,3,4,3,3
2105,bout_2105,202607/2026_07_12_15_18_45,train,197,0.245,5.371011734008789,4.756487846374512,21.922496873505263,3,3,2,3,3,3
2106,bout_2106,202607/2026_07_12_15_18_45,train,278,0.34625,9.957151412963867,8.781201362609863,28.757115994119474,4,4,4,5,4,5
2107,bout_2107,202607/2026_07_12_15_18_45,train,190,0.23625,5.109447479248047,4.7224836349487305,21.62729091745205,2,2,2,3,2,2
2108,bout_2108,202607/2026_07_12_15_18_45,train,314,0.39125,14.571033477783203,13.296509742736816,37.24225809018071,6,6,5,6,6,7
2109,bout_2109,202607/2026_07_12_15_18_45,train,482,0.60125,17.33506965637207,16.421945571899414,28.831716684194713,8,7,7,8,8,7
2110,bout_2110,202607/2026_07_12_15_18_45,train,236,0.29375,7.045699119567871,6.249006748199463,23.9853587049119,3,3,3,4,3,3
2111,bout_2111,202607/2026_07_12_15_18_45,train,217,0.27,5.112458229064941,4.972039222717285,18.9350304780183,2,3,3,2,2,3
2112,bout_2112,202607/2026_07_12_15_18_45,train,216,0.26875,4.337155342102051,4.11496639251709,16.13825243572856,3,2,2,3,3,2
2113,bout_2113,202607/2026_07_12_15_18_45,train,437,0.545,9.346972465515137,6.595047950744629,17.150408193605752,6,5,5,6,5,6
2114,bout_2114,202607/2026_07_12_15_18_45,train,253,0.315,8.224961280822754,8.029870986938477,26.110988193088108,4,3,3,4,3,4
2115,bout_2115,202607/2026_07_12_15_18_45,train,234,0.29125,5.725719451904297,5.463355541229248,19.659122581645654,3,3,3,3,3,2
2116,bout_2116,202607/2026_07_12_15_18_45,train,173,0.215,4.780167102813721,4.574239253997803,22.233335361924283,2,2,2,3,2,2
2117,bout_2117,202607/2026_07_12_15_18_45,train,201,0.25,7.907866477966309,7.741687297821045,31.631465911865234,3,3,3,3,3,3
2118,bout_2118,202607/2026_07_12_15_18_45,train,241,0.3,5.558487415313721,5.239358425140381,18.52829138437907,2,3,3,2,2,3
2119,bout_2119,202607/2026_07_12_15_18_45,train,189,0.235,7.498923301696777,7.409021377563477,31.910311922113948,3,4,3,3,4,3
2120,bout_2120,202607/2026_07_12_15_18_45,train,264,0.32875,3.8647358417510986,3.6173274517059326,11.755850469204864,2,2,3,2,2,3
2121,bout_2121,202607/2026_07_12_15_18_45,train,247,0.3075,8.378877639770508,7.682137966156006,27.248382568359375,3,4,4,3,4,4
2122,bout_2122,202607/2026_07_12_15_18_45,train,278,0.34625,10.57249927520752,10.251267433166504,30.534293935617384,4,4,4,4,4,4
2123,bout_2123,202607/2026_07_12_15_18_45,train,253,0.315,4.410676002502441,4.049005508422852,14.00214603969029,3,2,3,3,2,2
2124,bout_2124,202607/2026_07_12_15_18_45,train,126,0.15625,6.220583915710449,6.054073333740234,39.811737060546875,2,2,2,2,2,2
2125,bout_2125,202607/2026_07_12_15_18_45,train,253,0.315,8.368524551391602,7.920001029968262,26.566744607592387,3,4,4,3,3,4
2126,bout_2126,202607/2026_07_12_15_18_45,train,204,0.25375,4.873991966247559,4.557367324829102,19.207850113290874,2,3,2,2,2,3
2127,bout_2127,202607/2026_07_12_15_18_45,train,200,0.24875,4.819199562072754,4.6125335693359375,19.373666581197,2,2,2,3,2,2
2128,bout_2128,202607/2026_07_12_15_18_45,train,285,0.355,4.472114086151123,4.013864994049072,12.597504468031334,3,2,2,3,3,2
2129,bout_2129,202607/2026_07_12_15_18_45,train,414,0.51625,13.301715850830078,12.233244895935059,25.76603554640209,6,6,7,6,6,6
2130,bout_2130,202607/2026_07_12_15_18_45,train,511,0.6375,11.427414894104004,10.878128051757812,17.925356696633735,6,6,6,6,7,4
2131,bout_2131,202607/2026_07_12_15_18_45,train,245,0.305,6.298794746398926,6.13662576675415,20.65178605376697,3,3,3,3,3,5
2132,bout_2132,202607/2026_07_12_15_18_45,train,355,0.4425,5.81157112121582,4.931246757507324,13.133494059244791,3,6,3,3,4,4
2133,bout_2133,202607/2026_07_12_15_18_45,train,181,0.225,4.2807698249816895,4.149997711181641,19.025643666585285,2,2,2,2,2,2
2134,bout_2134,202607/2026_07_12_15_18_45,train,178,0.22125,4.01016092300415,3.640186071395874,18.125021120922714,2,2,2,2,2,3
2135,bout_2135,202607/2026_07_12_15_18_45,train,251,0.3125,8.071083068847656,7.950334548950195,25.8274658203125,3,3,3,4,3,4
2136,bout_2136,202607/2026_07_12_15_18_45,train,279,0.3475,7.027965545654297,6.80251932144165,20.22436128245841,3,3,3,4,3,4
2137,bout_2137,202607/2026_07_12_15_18_45,train,364,0.45375,10.70190715789795,10.402621269226074,23.58547032043625,5,4,4,5,5,4
2138,bout_2138,202607/2026_07_12_15_18_45,train,361,0.45,9.576970100402832,7.953517436981201,21.28215577867296,4,4,4,5,4,4
2139,bout_2139,202607/2026_07_12_15_18_45,train,187,0.2325,6.221536636352539,6.154206275939941,26.75929736065608,3,3,3,3,2,3
2140,bout_2140,202607/2026_07_12_15_18_45,train,137,0.17,4.854447364807129,4.7384562492370605,28.55557273415958,2,3,2,2,3,2
2141,bout_2141,202607/2026_07_12_15_18_45,train,369,0.46,8.00841236114502,7.443715572357178,17.409592089445695,4,4,4,4,4,3
2142,bout_2142,202607/2026_07_12_15_18_45,train,170,0.21125,5.147073268890381,5.004949569702148,24.36484387640417,2,2,2,2,2,3
2143,bout_2143,202607/2026_07_12_15_18_45,train,501,0.625,12.455879211425781,10.125802993774414,19.92940673828125,5,6,6,5,7,6
2144,bout_2144,202607/2026_07_12_15_18_45,train,425,0.53,13.976080894470215,12.146462440490723,26.36996395183059,7,6,6,7,7,6
2145,bout_2145,202607/2026_07_12_15_18_45,train,198,0.24625,5.983561992645264,5.773983955383301,24.298728904143204,3,3,3,3,3,2
2146,bout_2146,202607/2026_07_12_15_18_45,train,180,0.22375,6.490665435791016,6.220451354980469,29.00856060688722,2,3,3,3,2,3
2147,bout_2147,202607/2026_07_12_15_18_45,train,212,0.26375,5.174568176269531,4.889537334442139,19.619215834197277,2,3,3,2,2,3
2148,bout_2148,202607/2026_07_12_15_18_45,train,191,0.2375,4.354306221008301,4.1668925285339355,18.333920930561266,3,2,2,2,3,2
2149,bout_2149,202607/2026_07_12_15_18_45,train,197,0.245,6.211470603942871,5.967710018157959,25.35294124058315,3,2,2,3,3,2
2150,bout_2150,202607/2026_07_12_15_18_45,train,262,0.32625,4.923842430114746,4.371093273162842,15.092237333685047,2,3,3,3,2,3
2151,bout_2151,202607/2026_07_12_15_18_45,train,292,0.36375,6.52866268157959,6.286778450012207,17.94821355760712,3,3,3,4,2,3
2152,bout_2152,202607/2026_07_12_15_18_45,train,189,0.235,4.630917072296143,4.361029624938965,19.706030094877203,2,2,2,2,2,2
2153,bout_2153,202607/2026_07_12_15_18_45,train,150,0.18625,5.0534796714782715,4.938242435455322,27.13277675961488,2,2,2,2,2,2
2154,bout_2154,202607/2026_07_12_15_18_45,train,226,0.28125,8.11961555480957,8.01929759979248,28.86974419487847,3,3,3,3,3,3
2155,bout_2155,202607/2026_07_12_15_18_45,train,298,0.37125,7.927021503448486,7.579172134399414,21.352246473935317,3,4,4,4,3,4
2156,bout_2156,202607/2026_07_12_15_18_45,train,324,0.40375,12.599592208862305,10.8756742477417,31.206420331547505,5,6,5,5,5,5
2157,bout_2157,202607/2026_07_12_15_18_45,train,352,0.43875,8.757715225219727,8.53569507598877,19.960604501925303,4,5,4,4,4,4
2158,bout_2158,202607/2026_07_12_15_18_45,train,173,0.215,5.066917419433594,4.86967658996582,23.567057764807412,3,2,3,3,2,2
2159,bout_2159,202607/2026_07_12_15_18_45,train,138,0.17125,4.719367504119873,4.496723651885986,27.558350389021154,2,2,2,2,2,2
2160,bout_2160,202607/2026_07_12_15_18_45,train,202,0.25125,5.444944858551025,5.309648036956787,21.671422322591148,2,3,3,2,3,3
2161,bout_2161,202607/2026_07_12_15_18_45,train,163,0.2025,3.5723509788513184,3.238471746444702,17.641239401734904,2,2,2,2,2,2
2162,bout_2162,202607/2026_07_12_15_18_45,train,191,0.2375,5.773298263549805,5.553013801574707,24.308624267578125,2,3,3,2,2,3
2163,bout_2163,202607/2026_07_12_15_18_45,train,206,0.25625,5.899600028991699,5.112792491912842,23.022829381431023,3,3,2,3,3,3
2164,bout_2164,202607/2026_07_12_15_18_45,train,229,0.285,8.86520767211914,8.529693603515625,31.105991831996988,4,4,4,4,4,3
2165,bout_2165,202607/2026_07_12_16_04_05,train,248,0.30875,4.170267581939697,3.9563710689544678,13.506939536646792,3,3,2,3,4,2
2166,bout_2166,202607/2026_07_12_16_04_05,train,236,0.29375,5.464144706726074,5.307973384857178,18.601343682471743,2,3,3,2,3,3
2167,bout_2167,202607/2026_07_12_16_04_05,train,329,0.41,6.787991523742676,6.564929485321045,16.55607688717726,3,4,4,4,4,4
2168,bout_2168,202607/2026_07_12_16_04_05,train,145,0.18,4.1130170822143555,3.8862197399139404,22.850094901190865,2,2,2,2,2,3
2169,bout_2169,202607/2026_07_12_16_04_05,train,387,0.4825,5.401854515075684,4.980353832244873,11.195553399120588,4,4,4,4,3,5
2170,bout_2170,202607/2026_07_12_16_04_05,train,255,0.3175,4.593522071838379,4.384150505065918,14.467786053034263,3,2,2,3,4,6
2171,bout_2171,202607/2026_07_12_16_04_05,train,135,0.1675,4.099435806274414,4.027622222900391,24.47424361954874,2,2,2,2,3,3
2172,bout_2172,202607/2026_07_12_16_04_05,train,133,0.165,3.7734017372131348,3.711469888687134,22.86910143765536,1,2,2,2,3,2
2173,bout_2173,202607/2026_07_12_16_04_05,train,158,0.19625,5.102790355682373,4.8412251472473145,26.001479519400625,3,2,2,3,4,2
2174,bout_2174,202607/2026_07_12_16_04_05,train,287,0.3575,4.954339504241943,4.613457679748535,13.858292319557885,2,3,3,2,2,4
2175,bout_2175,202607/2026_07_12_16_04_05,train,384,0.47875,8.019054412841797,7.646488189697266,16.749983107763544,4,4,4,4,4,4
2176,bout_2176,202607/2026_07_12_16_04_05,train,175,0.2175,4.499792098999023,4.379016399383545,20.688699305742638,2,2,3,2,2,4
2177,bout_2177,202607/2026_07_12_16_04_05,train,201,0.25,3.9031059741973877,3.689142942428589,15.61242389678955,2,3,2,2,2,3
2178,bout_2178,202607/2026_07_12_16_04_05,train,184,0.22875,5.515147686004639,5.12755012512207,24.10993523936454,3,2,2,3,4,2
2179,bout_2179,202607/2026_07_12_16_04_05,train,347,0.4325,5.354286193847656,4.933093547821045,12.37985247132406,3,4,4,3,3,4
2180,bout_2180,202607/2026_07_12_16_04_05,train,294,0.36625,9.24380874633789,8.521663665771484,25.23906824938673,4,4,4,5,5,5
2181,bout_2181,202607/2026_07_12_16_04_05,train,316,0.39375,6.580874443054199,6.380134582519531,16.71333191886781,3,4,5,4,7,4
2182,bout_2182,202607/2026_07_12_16_04_05,train,247,0.3075,9.536449432373047,9.310198783874512,31.012843682513974,4,4,4,4,4,5
2183,bout_2183,202607/2026_07_12_16_04_05,train,223,0.2775,3.4736928939819336,2.7535529136657715,12.517812230565525,2,3,3,2,3,3
2184,bout_2184,202607/2026_07_12_16_04_05,train,251,0.3125,6.114328384399414,5.913159370422363,19.565850830078126,3,3,3,3,3,3
2185,bout_2185,202607/2026_07_12_16_04_05,train,278,0.34625,5.392414093017578,5.253449440002441,15.573759113408167,3,3,3,3,5,3
2186,bout_2186,202607/2026_07_12_16_04_05,train,191,0.2375,3.5187745094299316,3.3797225952148438,14.815892671283923,2,2,2,2,2,2
2187,bout_2187,202607/2026_07_12_16_04_05,train,332,0.41375,8.064023971557617,7.474301338195801,19.49008814877974,5,4,4,5,5,4
2188,bout_2188,202607/2026_07_12_16_04_05,train,217,0.27,4.38200044631958,4.173429489135742,16.22963128266511,2,3,3,3,2,2
2189,bout_2189,202607/2026_07_12_16_04_05,train,229,0.285,4.955468654632568,4.583913803100586,17.387609314500242,2,3,3,3,5,3
2190,bout_2190,202607/2026_07_12_16_04_05,train,257,0.32,5.57908296585083,5.290474891662598,17.434634268283844,3,3,3,3,4,4
2191,bout_2191,202607/2026_07_12_16_04_05,train,308,0.38375,6.612032413482666,6.086369514465332,17.23005189181151,4,3,4,4,4,4
2192,bout_2192,202607/2026_07_12_16_04_05,train,149,0.185,3.8253748416900635,3.7142810821533203,20.677701846973317,2,2,3,3,2,2
2193,bout_2193,202607/2026_07_12_16_04_05,train,266,0.33125,6.729851722717285,6.472747802734375,20.316533502542747,3,4,4,3,4,4
2194,bout_2194,202607/2026_07_12_16_04_05,train,178,0.22125,4.288204193115234,3.8527183532714844,19.3817138671875,3,2,2,3,2,2
2195,bout_2195,202607/2026_07_12_16_04_05,train,375,0.4675,8.887250900268555,7.701332092285156,19.010162353515625,5,5,5,5,5,5
2196,bout_2196,202607/2026_07_12_16_04_05,train,187,0.2325,5.029114723205566,4.895409107208252,21.63060096002394,2,3,3,2,2,4
2197,bout_2197,202607/2026_07_12_16_04_05,train,259,0.3225,7.533799171447754,7.137820720672607,23.36061758588451,4,3,3,4,4,3
2198,bout_2198,202607/2026_07_12_16_04_05,train,247,0.3075,3.752678871154785,3.4335551261901855,12.203833727332634,3,2,2,3,3,3
2199,bout_2199,202607/2026_07_12_16_04_05,train,229,0.285,5.114520072937012,4.929465293884277,17.945684466445655,3,2,2,3,4,3
2200,bout_2200,202607/2026_07_12_16_04_05,train,367,0.4575,7.264814376831055,6.93511438369751,15.879375687062414,4,4,5,4,4,4
2201,bout_2201,202607/2026_07_12_16_04_05,train,279,0.3475,5.511717796325684,5.325100898742676,15.861058406692615,4,3,3,4,2,6
2202,bout_2202,202607/2026_07_12_16_04_05,train,477,0.595,5.553171157836914,5.129203796386719,9.333060769473805,4,5,4,3,3,4
2203,bout_2203,202607/2026_07_12_16_04_05,train,258,0.32125,4.113691329956055,3.789060354232788,12.805264840330132,3,2,2,3,3,3
2204,bout_2204,202607/2026_07_12_16_04_05,train,291,0.3625,4.943387985229492,4.371165752410889,13.636932373046875,4,4,2,3,3,4
2205,bout_2205,202607/2026_07_12_16_04_05,train,327,0.4075,6.9049177169799805,5.536600589752197,16.9445833545521,5,4,4,4,4,6
2206,bout_2206,202607/2026_07_12_16_04_05,train,307,0.3825,8.748703002929688,8.48866081237793,22.872426151450163,4,5,6,4,4,5
2207,bout_2207,202607/2026_07_12_16_04_05,train,268,0.33375,6.215656280517578,5.851350784301758,18.623689230015216,3,3,3,4,5,3
2208,bout_2208,202607/2026_07_12_16_04_05,train,455,0.5675,9.897123336791992,9.167871475219727,17.439864910646683,5,6,5,5,5,4
2209,bout_2209,202607/2026_07_12_16_04_05,train,229,0.285,4.281678676605225,4.140320301055908,15.02343395300079,3,3,3,3,2,3
2210,bout_2210,202607/2026_07_12_16_04_05,train,538,0.67125,8.575648307800293,6.819634914398193,12.775639937132652,4,5,5,4,4,5
2211,bout_2211,202607/2026_07_12_16_04_05,train,249,0.31,3.543844223022461,3.2685060501098633,11.43175555813697,3,3,2,4,2,2
2212,bout_2212,202607/2026_07_12_16_04_05,train,250,0.31125,4.053476333618164,3.837531328201294,13.023217136122614,3,2,2,3,2,3
